REGION,EMISSION,YEAR,VALUE
REGION1,ATHY,2015,147.668436
REGION1,ATHY,2016,149.25942
REGION1,ATHY,2017,150.850404
REGION1,ATHY,2018,152.441388
REGION1,ATHY,2019,154.032372
REGION1,ATHY,2020,155.623356
REGION1,ATHY,2021,156.5695728
REGION1,ATHY,2022,157.5157896
REGION1,ATHY,2023,158.4620064
REGION1,ATHY,2024,159.4082232
REGION1,ATHY,2025,160.35444
REGION1,ATHY,2026,160.3711872
REGION1,ATHY,2027,160.3879344
REGION1,ATHY,2028,160.4046816
REGION1,ATHY,2029,160.4214288
REGION1,ATHY,2030,160.438176
REGION1,ATHY,2031,160.7228784
REGION1,ATHY,2032,161.0075808
REGION1,ATHY,2033,161.2922832
REGION1,ATHY,2034,161.5769856
REGION1,ATHY,2035,161.861688
REGION1,ATHY,2036,161.9621712
REGION1,ATHY,2037,162.0626544
REGION1,ATHY,2038,162.1631376
REGION1,ATHY,2039,162.2636208
REGION1,ATHY,2040,162.364104
REGION1,ATHY,2041,162.3724776
REGION1,ATHY,2042,162.3808512
REGION1,ATHY,2043,162.3892248
REGION1,ATHY,2044,162.3975984
REGION1,ATHY,2045,162.405972
REGION1,ATHY,2046,162.8916408
REGION1,ATHY,2047,163.3773096
REGION1,ATHY,2048,163.8629784
REGION1,ATHY,2049,164.3486
REGION1,ATHY,2050,164.834316
REGION1,ATHY,2051,164.9991503
REGION1,ATHY,2052,165.1641495
REGION1,ATHY,2053,165.3293136
REGION1,ATHY,2054,165.4946429
REGION1,ATHY,2055,165.6601376
REGION1,ATHY,2056,165.8257977
REGION1,ATHY,2057,165.9916235
REGION1,ATHY,2058,166.1576151
REGION1,ATHY,2059,166.3237727
REGION1,ATHY,2060,166.4900965
REGION1,ATSO,2015,3.1356
REGION1,ATSO,2016,3.35376
REGION1,ATSO,2017,3.57192
REGION1,ATSO,2018,3.79008
REGION1,ATSO,2019,4.00824
REGION1,ATSO,2020,4.2264
REGION1,ATSO,2021,5.63112
REGION1,ATSO,2022,7.03584
REGION1,ATSO,2023,8.44056
REGION1,ATSO,2024,9.84528
REGION1,ATSO,2025,11.25
REGION1,ATSO,2026,11.38464
REGION1,ATSO,2027,11.51928
REGION1,ATSO,2028,11.65392
REGION1,ATSO,2029,11.78856
REGION1,ATSO,2030,11.9232
REGION1,ATSO,2031,11.99664
REGION1,ATSO,2032,12.07008
REGION1,ATSO,2033,12.14352
REGION1,ATSO,2034,12.21696
REGION1,ATSO,2035,12.2904
REGION1,ATSO,2036,12.35376
REGION1,ATSO,2037,12.41712
REGION1,ATSO,2038,12.48048
REGION1,ATSO,2039,12.54384
REGION1,ATSO,2040,12.6072
REGION1,ATSO,2041,12.88656
REGION1,ATSO,2042,13.16592
REGION1,ATSO,2043,13.44528
REGION1,ATSO,2044,13.72464
REGION1,ATSO,2045,14.004
REGION1,ATSO,2046,14.8464
REGION1,ATSO,2047,15.6888
REGION1,ATSO,2048,16.5312
REGION1,ATSO,2049,17.3736
REGION1,ATSO,2050,18.216
REGION1,ATSO,2051,18.94464
REGION1,ATSO,2052,19.7024256
REGION1,ATSO,2053,20.49052262
REGION1,ATSO,2054,21.31014353
REGION1,ATSO,2055,22.16254927
REGION1,ATSO,2056,22.60580026
REGION1,ATSO,2057,23.05791626
REGION1,ATSO,2058,23.51907459
REGION1,ATSO,2059,23.98945608
REGION1,ATSO,2060,24.4692452
REGION1,ATWI,2015,14.23512
REGION1,ATWI,2016,14.5868112
REGION1,ATWI,2017,14.9385024
REGION1,ATWI,2018,15.2901936
REGION1,ATWI,2019,15.6418848
REGION1,ATWI,2020,15.993576
REGION1,ATWI,2021,18.00324
REGION1,ATWI,2022,20.012904
REGION1,ATWI,2023,22.022568
REGION1,ATWI,2024,24.032232
REGION1,ATWI,2025,26.041896
REGION1,ATWI,2026,28.0683072
REGION1,ATWI,2027,30.0947184
REGION1,ATWI,2028,32.1211296
REGION1,ATWI,2029,34.1475408
REGION1,ATWI,2030,36.173952
REGION1,ATWI,2031,36.257688
REGION1,ATWI,2032,36.341424
REGION1,ATWI,2033,36.42516
REGION1,ATWI,2034,36.508896
REGION1,ATWI,2035,36.592632
REGION1,ATWI,2036,37.136916
REGION1,ATWI,2037,37.6812
REGION1,ATWI,2038,38.225484
REGION1,ATWI,2039,38.769768
REGION1,ATWI,2040,39.314052
REGION1,ATWI,2041,41.23998
REGION1,ATWI,2042,43.165908
REGION1,ATWI,2043,45.091836
REGION1,ATWI,2044,47.017764
REGION1,ATWI,2045,48.943692
REGION1,ATWI,2046,50.2499736
REGION1,ATWI,2047,51.5562552
REGION1,ATWI,2048,52.8625368
REGION1,ATWI,2049,54.1688
REGION1,ATWI,2050,55.4751
REGION1,ATWI,2051,56.584602
REGION1,ATWI,2052,57.71629404
REGION1,ATWI,2053,58.87061992
REGION1,ATWI,2054,60.04803232
REGION1,ATWI,2055,61.24899297
REGION1,ATWI,2056,62.47397282
REGION1,ATWI,2057,63.72345228
REGION1,ATWI,2058,64.99792133
REGION1,ATWI,2059,66.29787975
REGION1,ATWI,2060,67.62383735
REGION1,BEHO,2015,1.297908
REGION1,BEHO,2016,1.3062816
REGION1,BEHO,2017,1.3146552
REGION1,BEHO,2018,1.3230288
REGION1,BEHO,2019,1.3314024
REGION1,BEHO,2020,1.339776
REGION1,BEHO,2021,1.339776
REGION1,BEHO,2022,1.339776
REGION1,BEHO,2023,1.339776
REGION1,BEHO,2024,1.339776
REGION1,BEHO,2025,1.339776
REGION1,BEHO,2026,1.4821272
REGION1,BEHO,2027,1.6244784
REGION1,BEHO,2028,1.7668296
REGION1,BEHO,2029,1.9091808
REGION1,BEHO,2030,2.051532
REGION1,BEHO,2031,2.0599056
REGION1,BEHO,2032,2.0682792
REGION1,BEHO,2033,2.0766528
REGION1,BEHO,2034,2.0850264
REGION1,BEHO,2035,2.0934
REGION1,BEHO,2036,2.1017736
REGION1,BEHO,2037,2.1101472
REGION1,BEHO,2038,2.1185208
REGION1,BEHO,2039,2.1268944
REGION1,BEHO,2040,2.135268
REGION1,BEHO,2041,2.1436416
REGION1,BEHO,2042,2.1520152
REGION1,BEHO,2043,2.1603888
REGION1,BEHO,2044,2.1687624
REGION1,BEHO,2045,2.177136
REGION1,BEHO,2046,2.1938832
REGION1,BEHO,2047,2.2106304
REGION1,BEHO,2048,2.2273776
REGION1,BEHO,2049,2.2441
REGION1,BEHO,2050,2.260872
REGION1,BEHO,2051,2.27217636
REGION1,BEHO,2052,2.283537242
REGION1,BEHO,2053,2.294954928
REGION1,BEHO,2054,2.306429703
REGION1,BEHO,2055,2.317961851
REGION1,BEHO,2056,2.32955166
REGION1,BEHO,2057,2.341199419
REGION1,BEHO,2058,2.352905416
REGION1,BEHO,2059,2.364669943
REGION1,BEHO,2060,2.376493293
REGION1,BEWI,2015,18.045108
REGION1,BEWI,2016,23.0776416
REGION1,BEWI,2017,28.1101752
REGION1,BEWI,2018,33.1427088
REGION1,BEWI,2019,38.1752424
REGION1,BEWI,2020,43.207776
REGION1,BEWI,2021,46.3227552
REGION1,BEWI,2022,49.4377344
REGION1,BEWI,2023,52.5527136
REGION1,BEWI,2024,55.6676928
REGION1,BEWI,2025,58.782672
REGION1,BEWI,2026,60.9011928
REGION1,BEWI,2027,63.0197136
REGION1,BEWI,2028,65.1382344
REGION1,BEWI,2029,67.2567552
REGION1,BEWI,2030,69.375276
REGION1,BEWI,2031,69.9949224
REGION1,BEWI,2032,70.6145688
REGION1,BEWI,2033,71.2342152
REGION1,BEWI,2034,71.8538616
REGION1,BEWI,2035,72.473508
REGION1,BEWI,2036,74.0812392
REGION1,BEWI,2037,75.6889704
REGION1,BEWI,2038,77.2967016
REGION1,BEWI,2039,78.9044328
REGION1,BEWI,2040,80.512164
REGION1,BEWI,2041,81.810072
REGION1,BEWI,2042,83.10798
REGION1,BEWI,2043,84.405888
REGION1,BEWI,2044,85.703796
REGION1,BEWI,2045,87.001704
REGION1,BEWI,2046,89.4049272
REGION1,BEWI,2047,91.8081504
REGION1,BEWI,2048,94.2113736
REGION1,BEWI,2049,96.6146
REGION1,BEWI,2050,99.01782
REGION1,BEWI,2051,100.9981764
REGION1,BEWI,2052,103.0181399
REGION1,BEWI,2053,105.0785027
REGION1,BEWI,2054,107.1800728
REGION1,BEWI,2055,109.3236742
REGION1,BEWI,2056,111.5101477
REGION1,BEWI,2057,113.7403507
REGION1,BEWI,2058,116.0151577
REGION1,BEWI,2059,118.3354608
REGION1,BEWI,2060,120.7021701
REGION1,BGHO,2015,14.611932
REGION1,BGHO,2016,14.8045248
REGION1,BGHO,2017,14.9971176
REGION1,BGHO,2018,15.1897104
REGION1,BGHO,2019,15.3823032
REGION1,BGHO,2020,15.574896
REGION1,BGHO,2021,15.5079072
REGION1,BGHO,2022,15.4409184
REGION1,BGHO,2023,15.3739296
REGION1,BGHO,2024,15.3069408
REGION1,BGHO,2025,15.239952
REGION1,BGHO,2026,15.2315784
REGION1,BGHO,2027,15.2232048
REGION1,BGHO,2028,15.2148312
REGION1,BGHO,2029,15.2064576
REGION1,BGHO,2030,15.198084
REGION1,BGHO,2031,15.198084
REGION1,BGHO,2032,15.198084
REGION1,BGHO,2033,15.198084
REGION1,BGHO,2034,15.198084
REGION1,BGHO,2035,15.198084
REGION1,BGHO,2036,15.198084
REGION1,BGHO,2037,15.198084
REGION1,BGHO,2038,15.198084
REGION1,BGHO,2039,15.198084
REGION1,BGHO,2040,15.198084
REGION1,BGHO,2041,15.198084
REGION1,BGHO,2042,15.198084
REGION1,BGHO,2043,15.198084
REGION1,BGHO,2044,15.198084
REGION1,BGHO,2045,15.198084
REGION1,BGHO,2046,15.2064576
REGION1,BGHO,2047,15.2148312
REGION1,BGHO,2048,15.2232048
REGION1,BGHO,2049,15.2316
REGION1,BGHO,2050,15.239952
REGION1,BGHO,2051,15.239952
REGION1,BGHO,2052,15.239952
REGION1,BGHO,2053,15.239952
REGION1,BGHO,2054,15.239952
REGION1,BGHO,2055,15.239952
REGION1,BGHO,2056,15.239952
REGION1,BGHO,2057,15.239952
REGION1,BGHO,2058,15.239952
REGION1,BGHO,2059,15.239952
REGION1,BGHO,2060,15.239952
REGION1,BGSO,2015,4.940424
REGION1,BGSO,2016,5.1246432
REGION1,BGSO,2017,5.3088624
REGION1,BGSO,2018,5.4930816
REGION1,BGSO,2019,5.6773008
REGION1,BGSO,2020,5.86152
REGION1,BGSO,2021,6.69888
REGION1,BGSO,2022,7.53624
REGION1,BGSO,2023,8.3736
REGION1,BGSO,2024,9.21096
REGION1,BGSO,2025,10.04832
REGION1,BGSO,2026,11.5639416
REGION1,BGSO,2027,13.0795632
REGION1,BGSO,2028,14.5951848
REGION1,BGSO,2029,16.1108064
REGION1,BGSO,2030,17.626428
REGION1,BGSO,2031,18.1623384
REGION1,BGSO,2032,18.6982488
REGION1,BGSO,2033,19.2341592
REGION1,BGSO,2034,19.7700696
REGION1,BGSO,2035,20.30598
REGION1,BGSO,2036,21.35268
REGION1,BGSO,2037,22.39938
REGION1,BGSO,2038,23.44608
REGION1,BGSO,2039,24.49278
REGION1,BGSO,2040,25.53948
REGION1,BGSO,2041,25.8241824
REGION1,BGSO,2042,26.1088848
REGION1,BGSO,2043,26.3935872
REGION1,BGSO,2044,26.6782896
REGION1,BGSO,2045,26.962992
REGION1,BGSO,2046,27.758484
REGION1,BGSO,2047,28.553976
REGION1,BGSO,2048,29.349468
REGION1,BGSO,2049,30.145
REGION1,BGSO,2050,30.940452
REGION1,BGSO,2051,31.09515426
REGION1,BGSO,2052,31.25063003
REGION1,BGSO,2053,31.40688318
REGION1,BGSO,2054,31.5639176
REGION1,BGSO,2055,31.72173719
REGION1,BGSO,2056,31.88034587
REGION1,BGSO,2057,32.0397476
REGION1,BGSO,2058,32.19994634
REGION1,BGSO,2059,32.36094607
REGION1,BGSO,2060,32.5227508
REGION1,BGWI,2015,4.103064
REGION1,BGWI,2016,4.1365584
REGION1,BGWI,2017,4.1700528
REGION1,BGWI,2018,4.2035472
REGION1,BGWI,2019,4.2370416
REGION1,BGWI,2020,4.270536
REGION1,BGWI,2021,7.0505712
REGION1,BGWI,2022,9.8306064
REGION1,BGWI,2023,12.6106416
REGION1,BGWI,2024,15.3906768
REGION1,BGWI,2025,18.170712
REGION1,BGWI,2026,18.5642712
REGION1,BGWI,2027,18.9578304
REGION1,BGWI,2028,19.3513896
REGION1,BGWI,2029,19.7449488
REGION1,BGWI,2030,20.138508
REGION1,BGWI,2031,20.1887496
REGION1,BGWI,2032,20.2389912
REGION1,BGWI,2033,20.2892328
REGION1,BGWI,2034,20.3394744
REGION1,BGWI,2035,20.389716
REGION1,BGWI,2036,20.5739352
REGION1,BGWI,2037,20.7581544
REGION1,BGWI,2038,20.9423736
REGION1,BGWI,2039,21.1265928
REGION1,BGWI,2040,21.310812
REGION1,BGWI,2041,22.3072704
REGION1,BGWI,2042,23.3037288
REGION1,BGWI,2043,24.3001872
REGION1,BGWI,2044,25.2966456
REGION1,BGWI,2045,26.293104
REGION1,BGWI,2046,26.4522024
REGION1,BGWI,2047,26.6113008
REGION1,BGWI,2048,26.7703992
REGION1,BGWI,2049,26.9295
REGION1,BGWI,2050,27.088596
REGION1,BGWI,2051,27.22403898
REGION1,BGWI,2052,27.36015917
REGION1,BGWI,2053,27.49695997
REGION1,BGWI,2054,27.63444477
REGION1,BGWI,2055,27.77261699
REGION1,BGWI,2056,27.91148008
REGION1,BGWI,2057,28.05103748
REGION1,BGWI,2058,28.19129267
REGION1,BGWI,2059,28.33224913
REGION1,BGWI,2060,28.47391038
REGION1,CHHY,2015,133.2
REGION1,CHHY,2016,133.56
REGION1,CHHY,2017,133.92
REGION1,CHHY,2018,134.28
REGION1,CHHY,2019,134.64
REGION1,CHHY,2020,135.0
REGION1,CHHY,2021,135.54
REGION1,CHHY,2022,136.08
REGION1,CHHY,2023,136.62
REGION1,CHHY,2024,137.16
REGION1,CHHY,2025,137.7
REGION1,CHHY,2026,138.24
REGION1,CHHY,2027,138.78
REGION1,CHHY,2028,139.32
REGION1,CHHY,2029,139.86
REGION1,CHHY,2030,140.4
REGION1,CHHY,2031,140.94
REGION1,CHHY,2032,141.48
REGION1,CHHY,2033,142.02
REGION1,CHHY,2034,142.56
REGION1,CHHY,2035,143.1
REGION1,CHHY,2036,143.64
REGION1,CHHY,2037,144.18
REGION1,CHHY,2038,144.72
REGION1,CHHY,2039,145.26
REGION1,CHHY,2040,145.8
REGION1,CHHY,2041,146.52
REGION1,CHHY,2042,147.24
REGION1,CHHY,2043,147.96
REGION1,CHHY,2044,148.68
REGION1,CHHY,2045,149.4
REGION1,CHHY,2046,150.12
REGION1,CHHY,2047,150.84
REGION1,CHHY,2048,151.56
REGION1,CHHY,2049,152.28
REGION1,CHHY,2050,153.0
REGION1,CHHY,2051,153.0
REGION1,CHHY,2052,153.0
REGION1,CHHY,2053,153.0
REGION1,CHHY,2054,153.0
REGION1,CHHY,2055,153.0
REGION1,CHHY,2056,153.0
REGION1,CHHY,2057,153.0
REGION1,CHHY,2058,153.0
REGION1,CHHY,2059,153.0
REGION1,CHHY,2060,153.0
REGION1,CHSO,2015,3.96
REGION1,CHSO,2016,5.697
REGION1,CHSO,2017,7.434
REGION1,CHSO,2018,9.171
REGION1,CHSO,2019,10.908
REGION1,CHSO,2020,12.645
REGION1,CHSO,2021,14.382
REGION1,CHSO,2022,16.119
REGION1,CHSO,2023,17.856
REGION1,CHSO,2024,19.593
REGION1,CHSO,2025,21.33
REGION1,CHSO,2026,23.067
REGION1,CHSO,2027,24.804
REGION1,CHSO,2028,26.541
REGION1,CHSO,2029,28.278
REGION1,CHSO,2030,30.015
REGION1,CHSO,2031,31.752
REGION1,CHSO,2032,33.489
REGION1,CHSO,2033,35.226
REGION1,CHSO,2034,36.963
REGION1,CHSO,2035,38.7
REGION1,CHSO,2036,39.72
REGION1,CHSO,2037,40.74
REGION1,CHSO,2038,41.76
REGION1,CHSO,2039,42.78
REGION1,CHSO,2040,43.8
REGION1,CHSO,2041,44.82
REGION1,CHSO,2042,45.84
REGION1,CHSO,2043,46.86
REGION1,CHSO,2044,47.88
REGION1,CHSO,2045,48.9
REGION1,CHSO,2046,49.92
REGION1,CHSO,2047,50.94
REGION1,CHSO,2048,51.96
REGION1,CHSO,2049,52.98
REGION1,CHSO,2050,54.0
REGION1,CHSO,2051,54.81
REGION1,CHSO,2052,55.63215
REGION1,CHSO,2053,56.46663225
REGION1,CHSO,2054,57.31363173
REGION1,CHSO,2055,58.17333621
REGION1,CHSO,2056,59.04593625
REGION1,CHSO,2057,59.9316253
REGION1,CHSO,2058,60.83059968
REGION1,CHSO,2059,61.74305867
REGION1,CHSO,2060,62.66920455
REGION1,CHWI,2015,0.4086
REGION1,CHWI,2016,0.4428
REGION1,CHWI,2017,0.477
REGION1,CHWI,2018,0.717428571
REGION1,CHWI,2019,0.837642857
REGION1,CHWI,2020,0.957857143
REGION1,CHWI,2021,1.078071429
REGION1,CHWI,2022,1.198285714
REGION1,CHWI,2023,1.3185
REGION1,CHWI,2024,1.438714286
REGION1,CHWI,2025,1.558928571
REGION1,CHWI,2026,1.679142857
REGION1,CHWI,2027,1.799357143
REGION1,CHWI,2028,1.919571429
REGION1,CHWI,2029,2.039785714
REGION1,CHWI,2030,2.16
REGION1,CHWI,2031,2.268
REGION1,CHWI,2032,2.3814
REGION1,CHWI,2033,2.50047
REGION1,CHWI,2034,2.6254935
REGION1,CHWI,2035,2.756768175
REGION1,CHWI,2036,2.880822743
REGION1,CHWI,2037,3.010459766
REGION1,CHWI,2038,3.145930456
REGION1,CHWI,2039,3.287497326
REGION1,CHWI,2040,3.435434706
REGION1,CHWI,2041,3.572852094
REGION1,CHWI,2042,3.715766178
REGION1,CHWI,2043,3.864396825
REGION1,CHWI,2044,4.018972698
REGION1,CHWI,2045,4.179731606
REGION1,CHWI,2046,4.326022212
REGION1,CHWI,2047,4.47743299
REGION1,CHWI,2048,4.634143144
REGION1,CHWI,2049,4.796338154
REGION1,CHWI,2050,4.96420999
REGION1,CHWI,2051,5.06349419
REGION1,CHWI,2052,5.164764073
REGION1,CHWI,2053,5.268059355
REGION1,CHWI,2054,5.373420542
REGION1,CHWI,2055,5.480888953
REGION1,CHWI,2056,5.590506732
REGION1,CHWI,2057,5.702316866
REGION1,CHWI,2058,5.816363204
REGION1,CHWI,2059,5.932690468
REGION1,CHWI,2060,6.051344277
REGION1,CO2,2015,873998.4615
REGION1,CO2,2016,848768.3372
REGION1,CO2,2017,823955.4156
REGION1,CO2,2018,799553.8755
REGION1,CO2,2019,775557.9707
REGION1,CO2,2020,751962.0286
REGION1,CO2,2021,724614.6444
REGION1,CO2,2022,697739.0116
REGION1,CO2,2023,671328.4301
REGION1,CO2,2024,645376.2863
REGION1,CO2,2025,619876.0525
REGION1,CO2,2026,594821.2857
REGION1,CO2,2027,570205.6267
REGION1,CO2,2028,546022.7987
REGION1,CO2,2029,522266.6068
REGION1,CO2,2030,498930.9364
REGION1,CO2,2031,476009.7527
REGION1,CO2,2032,453497.0996
REGION1,CO2,2033,431387.0986
REGION1,CO2,2034,409673.9479
REGION1,CO2,2035,388351.9216
REGION1,CO2,2036,367415.3683
REGION1,CO2,2037,346858.7109
REGION1,CO2,2038,326676.4452
REGION1,CO2,2039,306863.1389
REGION1,CO2,2040,287413.431
REGION1,CO2,2041,268322.031
REGION1,CO2,2042,249583.7177
REGION1,CO2,2043,231193.3384
REGION1,CO2,2044,213145.8083
REGION1,CO2,2045,195436.1095
REGION1,CO2,2046,178059.2901
REGION1,CO2,2047,161010.4635
REGION1,CO2,2048,144284.8075
REGION1,CO2,2049,127877.5636
REGION1,CO2,2050,111784.036
REGION1,CO2,2051,95999.59126
REGION1,CO2,2052,80519.657
REGION1,CO2,2053,65339.72147
REGION1,CO2,2054,50455.33268
REGION1,CO2,2055,35862.09769
REGION1,CO2,2056,21555.68187
REGION1,CO2,2057,7531.808159
REGION1,CO2,2058,0.0
REGION1,CO2,2059,0.0
REGION1,CO2,2060,0.0
REGION1,CYSO,2015,3.600648
REGION1,CYSO,2016,3.8686032
REGION1,CYSO,2017,4.1365584
REGION1,CYSO,2018,4.4045136
REGION1,CYSO,2019,4.6724688
REGION1,CYSO,2020,4.940424
REGION1,CYSO,2021,4.9990392
REGION1,CYSO,2022,5.0576544
REGION1,CYSO,2023,5.1162696
REGION1,CYSO,2024,5.1748848
REGION1,CYSO,2025,5.2335
REGION1,CYSO,2026,5.4595872
REGION1,CYSO,2027,5.6856744
REGION1,CYSO,2028,5.9117616
REGION1,CYSO,2029,6.1378488
REGION1,CYSO,2030,6.363936
REGION1,CYSO,2031,6.405804
REGION1,CYSO,2032,6.447672
REGION1,CYSO,2033,6.48954
REGION1,CYSO,2034,6.531408
REGION1,CYSO,2035,6.573276
REGION1,CYSO,2036,6.6318912
REGION1,CYSO,2037,6.6905064
REGION1,CYSO,2038,6.7491216
REGION1,CYSO,2039,6.8077368
REGION1,CYSO,2040,6.866352
REGION1,CYSO,2041,7.243164
REGION1,CYSO,2042,7.619976
REGION1,CYSO,2043,7.996788
REGION1,CYSO,2044,8.3736
REGION1,CYSO,2045,8.750412
REGION1,CYSO,2046,8.9095104
REGION1,CYSO,2047,9.0686088
REGION1,CYSO,2048,9.2277072
REGION1,CYSO,2049,9.3868
REGION1,CYSO,2050,9.545904
REGION1,CYSO,2051,9.68909256
REGION1,CYSO,2052,9.834428948
REGION1,CYSO,2053,9.981945383
REGION1,CYSO,2054,10.13167456
REGION1,CYSO,2055,10.28364968
REGION1,CYSO,2056,10.43790443
REGION1,CYSO,2057,10.59447299
REGION1,CYSO,2058,10.75339009
REGION1,CYSO,2059,10.91469094
REGION1,CYSO,2060,11.0784113
REGION1,CYWI,2015,0.879228
REGION1,CYWI,2016,1.004832
REGION1,CYWI,2017,1.130436
REGION1,CYWI,2018,1.25604
REGION1,CYWI,2019,1.381644
REGION1,CYWI,2020,1.507248
REGION1,CYWI,2021,1.507248
REGION1,CYWI,2022,1.507248
REGION1,CYWI,2023,1.507248
REGION1,CYWI,2024,1.507248
REGION1,CYWI,2025,1.507248
REGION1,CYWI,2026,1.5407424
REGION1,CYWI,2027,1.5742368
REGION1,CYWI,2028,1.6077312
REGION1,CYWI,2029,1.6412256
REGION1,CYWI,2030,1.67472
REGION1,CYWI,2031,1.67472
REGION1,CYWI,2032,1.67472
REGION1,CYWI,2033,1.67472
REGION1,CYWI,2034,1.67472
REGION1,CYWI,2035,1.67472
REGION1,CYWI,2036,1.6830936
REGION1,CYWI,2037,1.6914672
REGION1,CYWI,2038,1.6998408
REGION1,CYWI,2039,1.7082144
REGION1,CYWI,2040,1.716588
REGION1,CYWI,2041,1.7249616
REGION1,CYWI,2042,1.7333352
REGION1,CYWI,2043,1.7417088
REGION1,CYWI,2044,1.7500824
REGION1,CYWI,2045,1.758456
REGION1,CYWI,2046,2.0682792
REGION1,CYWI,2047,2.3781024
REGION1,CYWI,2048,2.6879256
REGION1,CYWI,2049,2.9977
REGION1,CYWI,2050,3.307572
REGION1,CYWI,2051,3.337340148
REGION1,CYWI,2052,3.367376209
REGION1,CYWI,2053,3.397682595
REGION1,CYWI,2054,3.428261739
REGION1,CYWI,2055,3.459116094
REGION1,CYWI,2056,3.490248139
REGION1,CYWI,2057,3.521660372
REGION1,CYWI,2058,3.553355316
REGION1,CYWI,2059,3.585335514
REGION1,CYWI,2060,3.617603533
REGION1,CZHO,2015,8.708544
REGION1,CZHO,2016,8.79228
REGION1,CZHO,2017,8.876016
REGION1,CZHO,2018,8.959752
REGION1,CZHO,2019,9.043488
REGION1,CZHO,2020,9.127224
REGION1,CZHO,2021,9.085356
REGION1,CZHO,2022,9.043488
REGION1,CZHO,2023,9.00162
REGION1,CZHO,2024,8.959752
REGION1,CZHO,2025,8.917884
REGION1,CZHO,2026,8.9764992
REGION1,CZHO,2027,9.0351144
REGION1,CZHO,2028,9.0937296
REGION1,CZHO,2029,9.1523448
REGION1,CZHO,2030,9.21096
REGION1,CZHO,2031,9.3281904
REGION1,CZHO,2032,9.4454208
REGION1,CZHO,2033,9.5626512
REGION1,CZHO,2034,9.6798816
REGION1,CZHO,2035,9.797112
REGION1,CZHO,2036,9.9562104
REGION1,CZHO,2037,10.1153088
REGION1,CZHO,2038,10.2744072
REGION1,CZHO,2039,10.4335056
REGION1,CZHO,2040,10.592604
REGION1,CZHO,2041,10.9610424
REGION1,CZHO,2042,11.3294808
REGION1,CZHO,2043,11.6979192
REGION1,CZHO,2044,12.0663576
REGION1,CZHO,2045,12.434796
REGION1,CZHO,2046,12.7362456
REGION1,CZHO,2047,13.0376952
REGION1,CZHO,2048,13.3391448
REGION1,CZHO,2049,13.6406
REGION1,CZHO,2050,13.942044
REGION1,CZHO,2051,14.22088488
REGION1,CZHO,2052,14.50530258
REGION1,CZHO,2053,14.79540863
REGION1,CZHO,2054,15.0913168
REGION1,CZHO,2055,15.39314314
REGION1,CZHO,2056,15.54707457
REGION1,CZHO,2057,15.70254531
REGION1,CZHO,2058,15.85957077
REGION1,CZHO,2059,16.01816648
REGION1,CZHO,2060,16.17834814
REGION1,CZSO,2015,8.442345311
REGION1,CZSO,2016,8.989888253
REGION1,CZSO,2017,9.537431195
REGION1,CZSO,2018,10.08497414
REGION1,CZSO,2019,10.63251708
REGION1,CZSO,2020,11.18006002
REGION1,CZSO,2021,11.20371493
REGION1,CZSO,2022,11.22736985
REGION1,CZSO,2023,11.25102476
REGION1,CZSO,2024,11.27467967
REGION1,CZSO,2025,11.29833459
REGION1,CZSO,2026,11.66453614
REGION1,CZSO,2027,12.0307377
REGION1,CZSO,2028,12.39693926
REGION1,CZSO,2029,12.76314082
REGION1,CZSO,2030,13.12934238
REGION1,CZSO,2031,13.57362554
REGION1,CZSO,2032,14.0179087
REGION1,CZSO,2033,14.46219186
REGION1,CZSO,2034,14.90647502
REGION1,CZSO,2035,15.35075818
REGION1,CZSO,2036,15.67147513
REGION1,CZSO,2037,15.99219208
REGION1,CZSO,2038,16.31290903
REGION1,CZSO,2039,16.63362598
REGION1,CZSO,2040,16.95434293
REGION1,CZSO,2041,17.30837394
REGION1,CZSO,2042,17.66240495
REGION1,CZSO,2043,18.01643597
REGION1,CZSO,2044,18.37046698
REGION1,CZSO,2045,18.724498
REGION1,CZSO,2046,19.42109066
REGION1,CZSO,2047,20.11768332
REGION1,CZSO,2048,20.81427597
REGION1,CZSO,2049,21.5109
REGION1,CZSO,2050,22.20746129
REGION1,CZSO,2051,22.85366111
REGION1,CZSO,2052,23.45130232
REGION1,CZSO,2053,24.00253045
REGION1,CZSO,2054,24.50970516
REGION1,CZSO,2055,24.9753187
REGION1,CZSO,2056,25.40192887
REGION1,CZSO,2057,25.7921049
REGION1,CZSO,2058,26.14838486
REGION1,CZSO,2059,26.47324276
REGION1,CZSO,2060,26.76906416
REGION1,CZWI,2015,1.842192
REGION1,CZWI,2016,2.0180376
REGION1,CZWI,2017,2.1938832
REGION1,CZWI,2018,2.3697288
REGION1,CZWI,2019,2.5455744
REGION1,CZWI,2020,2.72142
REGION1,CZWI,2021,2.7716616
REGION1,CZWI,2022,2.8219032
REGION1,CZWI,2023,2.8721448
REGION1,CZWI,2024,2.9223864
REGION1,CZWI,2025,2.972628
REGION1,CZWI,2026,3.0061224
REGION1,CZWI,2027,3.0396168
REGION1,CZWI,2028,3.0731112
REGION1,CZWI,2029,3.1066056
REGION1,CZWI,2030,3.1401
REGION1,CZWI,2031,3.1652208
REGION1,CZWI,2032,3.1903416
REGION1,CZWI,2033,3.2154624
REGION1,CZWI,2034,3.2405832
REGION1,CZWI,2035,3.265704
REGION1,CZWI,2036,3.3243192
REGION1,CZWI,2037,3.3829344
REGION1,CZWI,2038,3.4415496
REGION1,CZWI,2039,3.5001648
REGION1,CZWI,2040,3.55878
REGION1,CZWI,2041,4.0444488
REGION1,CZWI,2042,4.5301176
REGION1,CZWI,2043,5.0157864
REGION1,CZWI,2044,5.5014552
REGION1,CZWI,2045,5.987124
REGION1,CZWI,2046,6.07086
REGION1,CZWI,2047,6.154596
REGION1,CZWI,2048,6.238332
REGION1,CZWI,2049,6.3221
REGION1,CZWI,2050,6.405804
REGION1,CZWI,2051,6.46986204
REGION1,CZWI,2052,6.53456066
REGION1,CZWI,2053,6.599906267
REGION1,CZWI,2054,6.66590533
REGION1,CZWI,2055,6.732564383
REGION1,CZWI,2056,6.799890027
REGION1,CZWI,2057,6.867888927
REGION1,CZWI,2058,6.936567816
REGION1,CZWI,2059,7.005933495
REGION1,CZWI,2060,7.075992829
REGION1,DEHO,2015,80.5959
REGION1,DEHO,2016,80.679636
REGION1,DEHO,2017,80.763372
REGION1,DEHO,2018,80.847108
REGION1,DEHO,2019,80.930844
REGION1,DEHO,2020,81.01458
REGION1,DEHO,2021,81.3830184
REGION1,DEHO,2022,81.7514568
REGION1,DEHO,2023,82.1198952
REGION1,DEHO,2024,82.4883336
REGION1,DEHO,2025,82.856772
REGION1,DEHO,2026,83.4345504
REGION1,DEHO,2027,84.0123288
REGION1,DEHO,2028,84.5901072
REGION1,DEHO,2029,85.1678856
REGION1,DEHO,2030,85.745664
REGION1,DEHO,2031,87.1356816
REGION1,DEHO,2032,88.5256992
REGION1,DEHO,2033,89.9157168
REGION1,DEHO,2034,91.3057344
REGION1,DEHO,2035,92.695752
REGION1,DEHO,2036,93.868056
REGION1,DEHO,2037,95.04036
REGION1,DEHO,2038,96.212664
REGION1,DEHO,2039,97.384968
REGION1,DEHO,2040,98.557272
REGION1,DEHO,2041,99.9975312
REGION1,DEHO,2042,101.4377904
REGION1,DEHO,2043,102.8780496
REGION1,DEHO,2044,104.3183088
REGION1,DEHO,2045,105.758568
REGION1,DEHO,2046,106.6880376
REGION1,DEHO,2047,107.6175072
REGION1,DEHO,2048,108.5469768
REGION1,DEHO,2049,109.4764
REGION1,DEHO,2050,110.405916
REGION1,DEHO,2051,110.9579456
REGION1,DEHO,2052,111.5127353
REGION1,DEHO,2053,112.070299
REGION1,DEHO,2054,112.6306505
REGION1,DEHO,2055,113.1938037
REGION1,DEHO,2056,113.7597728
REGION1,DEHO,2057,114.3285716
REGION1,DEHO,2058,114.9002145
REGION1,DEHO,2059,115.4747155
REGION1,DEHO,2060,116.0520891
REGION1,DESO,2015,149.6866478
REGION1,DESO,2016,166.0534773
REGION1,DESO,2017,182.4203068
REGION1,DESO,2018,198.7871363
REGION1,DESO,2019,215.1539658
REGION1,DESO,2020,231.5207953
REGION1,DESO,2021,237.7151372
REGION1,DESO,2022,243.9094791
REGION1,DESO,2023,250.103821
REGION1,DESO,2024,256.2981629
REGION1,DESO,2025,262.4925048
REGION1,DESO,2026,271.8158238
REGION1,DESO,2027,281.1391428
REGION1,DESO,2028,290.4624618
REGION1,DESO,2029,299.7857807
REGION1,DESO,2030,309.1090997
REGION1,DESO,2031,307.7856921
REGION1,DESO,2032,306.4622846
REGION1,DESO,2033,305.138877
REGION1,DESO,2034,303.8154694
REGION1,DESO,2035,302.4920619
REGION1,DESO,2036,306.4730362
REGION1,DESO,2037,310.4540104
REGION1,DESO,2038,314.4349847
REGION1,DESO,2039,318.415959
REGION1,DESO,2040,322.3969333
REGION1,DESO,2041,326.5640723
REGION1,DESO,2042,330.7312113
REGION1,DESO,2043,334.8983503
REGION1,DESO,2044,339.0654893
REGION1,DESO,2045,343.2326283
REGION1,DESO,2046,353.9981198
REGION1,DESO,2047,364.7636112
REGION1,DESO,2048,375.5291026
REGION1,DESO,2049,386.2946
REGION1,DESO,2050,397.0600854
REGION1,DESO,2051,405.8880944
REGION1,DESO,2052,413.0916128
REGION1,DESO,2053,418.9463675
REGION1,DESO,2054,423.6898604
REGION1,DESO,2055,427.5232952
REGION1,DESO,2056,430.6150005
REGION1,DESO,2057,433.1044548
REGION1,DESO,2058,435.1063765
REGION1,DESO,2059,436.7145743
REGION1,DESO,2060,438.0054112
REGION1,DEWI,2015,594.2818414
REGION1,DEWI,2016,658.1460426
REGION1,DEWI,2017,724.2660534
REGION1,DEWI,2018,792.6418736
REGION1,DEWI,2019,863.2735033
REGION1,DEWI,2020,936.1609425
REGION1,DEWI,2021,1003.462856
REGION1,DEWI,2022,1072.343837
REGION1,DEWI,2023,1142.803884
REGION1,DEWI,2024,1214.842998
REGION1,DEWI,2025,1288.461178
REGION1,DEWI,2026,1363.658425
REGION1,DEWI,2027,1440.434739
REGION1,DEWI,2028,1518.790119
REGION1,DEWI,2029,1598.724566
REGION1,DEWI,2030,1680.23808
REGION1,DEWI,2031,1705.08094
REGION1,DEWI,2032,1729.969844
REGION1,DEWI,2033,1754.904791
REGION1,DEWI,2034,1779.885781
REGION1,DEWI,2035,1804.912815
REGION1,DEWI,2036,1831.091056
REGION1,DEWI,2037,1857.343468
REGION1,DEWI,2038,1883.67005
REGION1,DEWI,2039,1910.070802
REGION1,DEWI,2040,1936.545725
REGION1,DEWI,2041,1947.489057
REGION1,DEWI,2042,1958.462785
REGION1,DEWI,2043,1969.46691
REGION1,DEWI,2044,1980.501431
REGION1,DEWI,2045,1991.566348
REGION1,DEWI,2046,2002.321224
REGION1,DEWI,2047,2013.104386
REGION1,DEWI,2048,2023.915834
REGION1,DEWI,2049,2034.755568
REGION1,DEWI,2050,2045.623588
REGION1,DEWI,2051,2053.897927
REGION1,DEWI,2052,2053.897927
REGION1,DEWI,2053,2053.897927
REGION1,DEWI,2054,2053.897927
REGION1,DEWI,2055,2053.897927
REGION1,DEWI,2056,2053.897927
REGION1,DEWI,2057,2053.897927
REGION1,DEWI,2058,2053.897927
REGION1,DEWI,2059,2053.897927
REGION1,DEWI,2060,2053.897927
REGION1,DKHO,2015,0.083736
REGION1,DKHO,2016,0.083736
REGION1,DKHO,2017,0.083736
REGION1,DKHO,2018,0.083736
REGION1,DKHO,2019,0.083736
REGION1,DKHO,2020,0.083736
REGION1,DKHO,2021,0.083736
REGION1,DKHO,2022,0.083736
REGION1,DKHO,2023,0.083736
REGION1,DKHO,2024,0.083736
REGION1,DKHO,2025,0.083736
REGION1,DKHO,2026,0.083736
REGION1,DKHO,2027,0.083736
REGION1,DKHO,2028,0.083736
REGION1,DKHO,2029,0.083736
REGION1,DKHO,2030,0.083736
REGION1,DKHO,2031,0.083736
REGION1,DKHO,2032,0.083736
REGION1,DKHO,2033,0.083736
REGION1,DKHO,2034,0.083736
REGION1,DKHO,2035,0.083736
REGION1,DKHO,2036,0.083736
REGION1,DKHO,2037,0.083736
REGION1,DKHO,2038,0.083736
REGION1,DKHO,2039,0.083736
REGION1,DKHO,2040,0.083736
REGION1,DKHO,2041,0.083736
REGION1,DKHO,2042,0.083736
REGION1,DKHO,2043,0.083736
REGION1,DKHO,2044,0.083736
REGION1,DKHO,2045,0.083736
REGION1,DKHO,2046,0.083736
REGION1,DKHO,2047,0.083736
REGION1,DKHO,2048,0.083736
REGION1,DKHO,2049,0.083736
REGION1,DKHO,2050,0.083736
REGION1,DKHO,2051,0.083736
REGION1,DKHO,2052,0.083736
REGION1,DKHO,2053,0.083736
REGION1,DKHO,2054,0.083736
REGION1,DKHO,2055,0.083736
REGION1,DKHO,2056,0.083736
REGION1,DKHO,2057,0.083736
REGION1,DKHO,2058,0.083736
REGION1,DKHO,2059,0.083736
REGION1,DKHO,2060,0.083736
REGION1,DKWI,2015,42.161076
REGION1,DKWI,2016,44.756892
REGION1,DKWI,2017,47.352708
REGION1,DKWI,2018,49.948524
REGION1,DKWI,2019,52.54434
REGION1,DKWI,2020,55.140156
REGION1,DKWI,2021,56.1617352
REGION1,DKWI,2022,57.1833144
REGION1,DKWI,2023,58.2048936
REGION1,DKWI,2024,59.2264728
REGION1,DKWI,2025,60.248052
REGION1,DKWI,2026,62.341452
REGION1,DKWI,2027,64.434852
REGION1,DKWI,2028,66.528252
REGION1,DKWI,2029,68.621652
REGION1,DKWI,2030,70.715052
REGION1,DKWI,2031,71.2928304
REGION1,DKWI,2032,71.8706088
REGION1,DKWI,2033,72.4483872
REGION1,DKWI,2034,73.0261656
REGION1,DKWI,2035,73.603944
REGION1,DKWI,2036,74.231964
REGION1,DKWI,2037,74.859984
REGION1,DKWI,2038,75.488004
REGION1,DKWI,2039,76.116024
REGION1,DKWI,2040,76.744044
REGION1,DKWI,2041,77.120856
REGION1,DKWI,2042,77.497668
REGION1,DKWI,2043,77.87448
REGION1,DKWI,2044,78.251292
REGION1,DKWI,2045,78.628104
REGION1,DKWI,2046,80.7968664
REGION1,DKWI,2047,82.9656288
REGION1,DKWI,2048,85.1343912
REGION1,DKWI,2049,87.3031536
REGION1,DKWI,2050,89.471916
REGION1,DKWI,2051,91.26135432
REGION1,DKWI,2052,93.08658141
REGION1,DKWI,2053,94.94831303
REGION1,DKWI,2054,96.8472793
REGION1,DKWI,2055,98.78422488
REGION1,DKWI,2056,100.2659883
REGION1,DKWI,2057,101.7699781
REGION1,DKWI,2058,103.2965277
REGION1,DKWI,2059,104.8459757
REGION1,DKWI,2060,106.4186653
REGION1,EEHO,2015,0.125604
REGION1,EEHO,2016,0.125604
REGION1,EEHO,2017,0.125604
REGION1,EEHO,2018,0.125604
REGION1,EEHO,2019,0.125604
REGION1,EEHO,2020,0.125604
REGION1,EEHO,2021,0.125604
REGION1,EEHO,2022,0.125604
REGION1,EEHO,2023,0.125604
REGION1,EEHO,2024,0.125604
REGION1,EEHO,2025,0.125604
REGION1,EEHO,2026,0.125604
REGION1,EEHO,2027,0.125604
REGION1,EEHO,2028,0.125604
REGION1,EEHO,2029,0.125604
REGION1,EEHO,2030,0.125604
REGION1,EEHO,2031,0.1590984
REGION1,EEHO,2032,0.1925928
REGION1,EEHO,2033,0.2260872
REGION1,EEHO,2034,0.2595816
REGION1,EEHO,2035,0.293076
REGION1,EEHO,2036,0.3014496
REGION1,EEHO,2037,0.3098232
REGION1,EEHO,2038,0.3181968
REGION1,EEHO,2039,0.3265704
REGION1,EEHO,2040,0.334944
REGION1,EEHO,2041,0.334944
REGION1,EEHO,2042,0.334944
REGION1,EEHO,2043,0.334944
REGION1,EEHO,2044,0.334944
REGION1,EEHO,2045,0.334944
REGION1,EEHO,2046,0.3265704
REGION1,EEHO,2047,0.3181968
REGION1,EEHO,2048,0.3098232
REGION1,EEHO,2049,0.3014496
REGION1,EEHO,2050,0.293076
REGION1,EEHO,2051,0.28721448
REGION1,EEHO,2052,0.28147019
REGION1,EEHO,2053,0.275840787
REGION1,EEHO,2054,0.270323971
REGION1,EEHO,2055,0.264917491
REGION1,EEHO,2056,0.259619142
REGION1,EEHO,2057,0.254426759
REGION1,EEHO,2058,0.249338224
REGION1,EEHO,2059,0.244351459
REGION1,EEHO,2060,0.23946443
REGION1,EEWI,2015,2.493
REGION1,EEWI,2016,2.7423
REGION1,EEWI,2017,3.01653
REGION1,EEWI,2018,3.318183
REGION1,EEWI,2019,3.6500013
REGION1,EEWI,2020,4.01500143
REGION1,EEWI,2021,4.416501573
REGION1,EEWI,2022,4.85815173
REGION1,EEWI,2023,5.343966903
REGION1,EEWI,2024,5.878363594
REGION1,EEWI,2025,6.466199953
REGION1,EEWI,2026,7.112819948
REGION1,EEWI,2027,7.824101943
REGION1,EEWI,2028,8.606512137
REGION1,EEWI,2029,9.467163351
REGION1,EEWI,2030,9.940521519
REGION1,EEWI,2031,10.43754759
REGION1,EEWI,2032,10.95942497
REGION1,EEWI,2033,11.50739622
REGION1,EEWI,2034,11.79508113
REGION1,EEWI,2035,12.08995816
REGION1,EEWI,2036,12.39220711
REGION1,EEWI,2037,12.70201229
REGION1,EEWI,2038,13.0195626
REGION1,EEWI,2039,13.34505166
REGION1,EEWI,2040,13.67867795
REGION1,EEWI,2041,14.08903829
REGION1,EEWI,2042,14.51170944
REGION1,EEWI,2043,14.94706072
REGION1,EEWI,2044,15.39547254
REGION1,EEWI,2045,15.85733672
REGION1,EEWI,2046,16.33305682
REGION1,EEWI,2047,16.82304853
REGION1,EEWI,2048,17.32773998
REGION1,EEWI,2049,17.84757218
REGION1,EEWI,2050,18.38299935
REGION1,EEWI,2051,18.62197834
REGION1,EEWI,2052,18.86406406
REGION1,EEWI,2053,19.10929689
REGION1,EEWI,2054,19.35771775
REGION1,EEWI,2055,19.60936808
REGION1,EEWI,2056,19.86428987
REGION1,EEWI,2057,20.12252563
REGION1,EEWI,2058,20.38411847
REGION1,EEWI,2059,20.64911201
REGION1,EEWI,2060,20.91755046
REGION1,ESHO,2015,119.449404
REGION1,ESHO,2016,119.5247664
REGION1,ESHO,2017,119.6001288
REGION1,ESHO,2018,119.6754912
REGION1,ESHO,2019,119.7508536
REGION1,ESHO,2020,119.826216
REGION1,ESHO,2021,119.9434464
REGION1,ESHO,2022,120.0606768
REGION1,ESHO,2023,120.1779072
REGION1,ESHO,2024,120.2951376
REGION1,ESHO,2025,120.412368
REGION1,ESHO,2026,120.454236
REGION1,ESHO,2027,120.496104
REGION1,ESHO,2028,120.537972
REGION1,ESHO,2029,120.57984
REGION1,ESHO,2030,120.621708
REGION1,ESHO,2031,120.6468288
REGION1,ESHO,2032,120.6719496
REGION1,ESHO,2033,120.6970704
REGION1,ESHO,2034,120.7221912
REGION1,ESHO,2035,120.747312
REGION1,ESHO,2036,120.7305648
REGION1,ESHO,2037,120.7138176
REGION1,ESHO,2038,120.6970704
REGION1,ESHO,2039,120.6803232
REGION1,ESHO,2040,120.663576
REGION1,ESHO,2041,121.4255736
REGION1,ESHO,2042,122.1875712
REGION1,ESHO,2043,122.9495688
REGION1,ESHO,2044,123.7115664
REGION1,ESHO,2045,124.473564
REGION1,ESHO,2046,124.6577832
REGION1,ESHO,2047,124.8420024
REGION1,ESHO,2048,125.0262216
REGION1,ESHO,2049,125.2104
REGION1,ESHO,2050,125.39466
REGION1,ESHO,2051,125.5200547
REGION1,ESHO,2052,125.6455747
REGION1,ESHO,2053,125.7712203
REGION1,ESHO,2054,125.8969915
REGION1,ESHO,2055,126.0228885
REGION1,ESHO,2056,126.1489114
REGION1,ESHO,2057,126.2750603
REGION1,ESHO,2058,126.4013354
REGION1,ESHO,2059,126.5277367
REGION1,ESHO,2060,126.6542644
REGION1,ESSO,2015,53.925984
REGION1,ESSO,2016,59.0841216
REGION1,ESSO,2017,64.2422592
REGION1,ESSO,2018,69.4003968
REGION1,ESSO,2019,74.5585344
REGION1,ESSO,2020,79.716672
REGION1,ESSO,2021,90.309276
REGION1,ESSO,2022,100.90188
REGION1,ESSO,2023,111.494484
REGION1,ESSO,2024,122.087088
REGION1,ESSO,2025,132.679692
REGION1,ESSO,2026,147.3586128
REGION1,ESSO,2027,162.0375336
REGION1,ESSO,2028,176.7164544
REGION1,ESSO,2029,191.3953752
REGION1,ESSO,2030,206.074296
REGION1,ESSO,2031,217.964808
REGION1,ESSO,2032,229.85532
REGION1,ESSO,2033,241.745832
REGION1,ESSO,2034,253.636344
REGION1,ESSO,2035,265.526856
REGION1,ESSO,2036,278.4556944
REGION1,ESSO,2037,291.3845328
REGION1,ESSO,2038,304.3133712
REGION1,ESSO,2039,317.2422096
REGION1,ESSO,2040,330.171048
REGION1,ESSO,2041,334.818396
REGION1,ESSO,2042,339.465744
REGION1,ESSO,2043,344.113092
REGION1,ESSO,2044,348.76044
REGION1,ESSO,2045,353.407788
REGION1,ESSO,2046,367.3582056
REGION1,ESSO,2047,381.3086232
REGION1,ESSO,2048,395.2590408
REGION1,ESSO,2049,409.2095
REGION1,ESSO,2050,423.159876
REGION1,ESSO,2051,435.8546723
REGION1,ESSO,2052,448.9303124
REGION1,ESSO,2053,462.3982218
REGION1,ESSO,2054,476.2701685
REGION1,ESSO,2055,490.5582735
REGION1,ESSO,2056,505.2750217
REGION1,ESSO,2057,520.4332724
REGION1,ESSO,2058,536.0462706
REGION1,ESSO,2059,552.1276587
REGION1,ESSO,2060,568.6914884
REGION1,ESWI,2015,186.019524
REGION1,ESWI,2016,189.3773376
REGION1,ESWI,2017,192.7351512
REGION1,ESWI,2018,196.0929648
REGION1,ESWI,2019,199.4507784
REGION1,ESWI,2020,202.808592
REGION1,ESWI,2021,204.4916856
REGION1,ESWI,2022,206.1747792
REGION1,ESWI,2023,207.8578728
REGION1,ESWI,2024,209.5409664
REGION1,ESWI,2025,211.22406
REGION1,ESWI,2026,220.8620736
REGION1,ESWI,2027,230.5000872
REGION1,ESWI,2028,240.1381008
REGION1,ESWI,2029,249.7761144
REGION1,ESWI,2030,259.414128
REGION1,ESWI,2031,260.5696848
REGION1,ESWI,2032,261.7252416
REGION1,ESWI,2033,262.8807984
REGION1,ESWI,2034,264.0363552
REGION1,ESWI,2035,265.191912
REGION1,ESWI,2036,274.1600376
REGION1,ESWI,2037,283.1281632
REGION1,ESWI,2038,292.0962888
REGION1,ESWI,2039,301.0644144
REGION1,ESWI,2040,310.03254
REGION1,ESWI,2041,327.6003528
REGION1,ESWI,2042,345.1681656
REGION1,ESWI,2043,362.7359784
REGION1,ESWI,2044,380.3037912
REGION1,ESWI,2045,397.871604
REGION1,ESWI,2046,410.222664
REGION1,ESWI,2047,422.573724
REGION1,ESWI,2048,434.924784
REGION1,ESWI,2049,447.2758
REGION1,ESWI,2050,459.626904
REGION1,ESWI,2051,471.1175766
REGION1,ESWI,2052,482.895516
REGION1,ESWI,2053,494.9679039
REGION1,ESWI,2054,507.3421015
REGION1,ESWI,2055,520.0256541
REGION1,ESWI,2056,533.0262954
REGION1,ESWI,2057,546.3519528
REGION1,ESWI,2058,560.0107516
REGION1,ESWI,2059,574.0110204
REGION1,ESWI,2060,588.3612959
REGION1,FIHO,2015,56.5218
REGION1,FIHO,2016,55.391364
REGION1,FIHO,2017,54.260928
REGION1,FIHO,2018,53.130492
REGION1,FIHO,2019,52.000056
REGION1,FIHO,2020,50.86962
REGION1,FIHO,2021,51.3050472
REGION1,FIHO,2022,51.7404744
REGION1,FIHO,2023,52.1759016
REGION1,FIHO,2024,52.6113288
REGION1,FIHO,2025,53.046756
REGION1,FIHO,2026,53.3314584
REGION1,FIHO,2027,53.6161608
REGION1,FIHO,2028,53.9008632
REGION1,FIHO,2029,54.1855656
REGION1,FIHO,2030,54.470268
REGION1,FIHO,2031,54.8219592
REGION1,FIHO,2032,55.1736504
REGION1,FIHO,2033,55.5253416
REGION1,FIHO,2034,55.8770328
REGION1,FIHO,2035,56.228724
REGION1,FIHO,2036,56.2957128
REGION1,FIHO,2037,56.3627016
REGION1,FIHO,2038,56.4296904
REGION1,FIHO,2039,56.4966792
REGION1,FIHO,2040,56.563668
REGION1,FIHO,2041,56.563668
REGION1,FIHO,2042,56.563668
REGION1,FIHO,2043,56.563668
REGION1,FIHO,2044,56.563668
REGION1,FIHO,2045,56.563668
REGION1,FIHO,2046,57.0577104
REGION1,FIHO,2047,57.5517528
REGION1,FIHO,2048,58.0457952
REGION1,FIHO,2049,58.5398376
REGION1,FIHO,2050,59.03388
REGION1,FIHO,2051,59.3290494
REGION1,FIHO,2052,59.62569465
REGION1,FIHO,2053,59.92382312
REGION1,FIHO,2054,60.22344224
REGION1,FIHO,2055,60.52455945
REGION1,FIHO,2056,60.82718224
REGION1,FIHO,2057,61.13131816
REGION1,FIHO,2058,61.43697475
REGION1,FIHO,2059,61.74415962
REGION1,FIHO,2060,62.05288042
REGION1,FIWI,2015,8.28
REGION1,FIWI,2016,11.61
REGION1,FIWI,2017,14.94
REGION1,FIWI,2018,18.27
REGION1,FIWI,2019,21.6
REGION1,FIWI,2020,24.3
REGION1,FIWI,2021,27.0
REGION1,FIWI,2022,29.7
REGION1,FIWI,2023,32.4
REGION1,FIWI,2024,35.316
REGION1,FIWI,2025,38.49444
REGION1,FIWI,2026,41.9589396
REGION1,FIWI,2027,45.73524416
REGION1,FIWI,2028,49.85141614
REGION1,FIWI,2029,54.33804359
REGION1,FIWI,2030,59.22846751
REGION1,FIWI,2031,61.89374855
REGION1,FIWI,2032,64.67896724
REGION1,FIWI,2033,67.58952076
REGION1,FIWI,2034,70.6310492
REGION1,FIWI,2035,73.80944641
REGION1,FIWI,2036,77.1308715
REGION1,FIWI,2037,80.60176072
REGION1,FIWI,2038,84.22883995
REGION1,FIWI,2039,88.01913775
REGION1,FIWI,2040,91.97999895
REGION1,FIWI,2041,94.04954892
REGION1,FIWI,2042,96.16566377
REGION1,FIWI,2043,98.32939121
REGION1,FIWI,2044,100.5418025
REGION1,FIWI,2045,102.8039931
REGION1,FIWI,2046,105.1170829
REGION1,FIWI,2047,107.4822173
REGION1,FIWI,2048,109.9005672
REGION1,FIWI,2049,112.3733299
REGION1,FIWI,2050,114.9017298
REGION1,FIWI,2051,116.1943743
REGION1,FIWI,2052,117.501561
REGION1,FIWI,2053,118.8234536
REGION1,FIWI,2054,120.1602174
REGION1,FIWI,2055,121.5120199
REGION1,FIWI,2056,122.8790301
REGION1,FIWI,2057,124.2614192
REGION1,FIWI,2058,125.6593602
REGION1,FIWI,2059,127.073028
REGION1,FIWI,2060,128.5025995
REGION1,FRHO,2015,229.269168
REGION1,FRHO,2016,231.5886552
REGION1,FRHO,2017,233.9081424
REGION1,FRHO,2018,236.2276296
REGION1,FRHO,2019,238.5471168
REGION1,FRHO,2020,240.866604
REGION1,FRHO,2021,238.8736872
REGION1,FRHO,2022,236.8807704
REGION1,FRHO,2023,234.8878536
REGION1,FRHO,2024,232.8949368
REGION1,FRHO,2025,230.90202
REGION1,FRHO,2026,230.9103936
REGION1,FRHO,2027,230.9187672
REGION1,FRHO,2028,230.9271408
REGION1,FRHO,2029,230.9355144
REGION1,FRHO,2030,230.943888
REGION1,FRHO,2031,231.9403464
REGION1,FRHO,2032,232.9368048
REGION1,FRHO,2033,233.9332632
REGION1,FRHO,2034,234.9297216
REGION1,FRHO,2035,235.92618
REGION1,FRHO,2036,238.7899512
REGION1,FRHO,2037,241.6537224
REGION1,FRHO,2038,244.5174936
REGION1,FRHO,2039,247.3812648
REGION1,FRHO,2040,250.245036
REGION1,FRHO,2041,253.175796
REGION1,FRHO,2042,256.106556
REGION1,FRHO,2043,259.037316
REGION1,FRHO,2044,261.968076
REGION1,FRHO,2045,264.898836
REGION1,FRHO,2046,267.9552
REGION1,FRHO,2047,271.011564
REGION1,FRHO,2048,274.067928
REGION1,FRHO,2049,277.1243
REGION1,FRHO,2050,280.180656
REGION1,FRHO,2051,282.9824626
REGION1,FRHO,2052,285.8122872
REGION1,FRHO,2053,288.6704101
REGION1,FRHO,2054,291.5571142
REGION1,FRHO,2055,294.4726853
REGION1,FRHO,2056,297.4174122
REGION1,FRHO,2057,300.3915863
REGION1,FRHO,2058,303.3955021
REGION1,FRHO,2059,306.4294572
REGION1,FRHO,2060,309.4937517
REGION1,FRSO,2015,36.41777693
REGION1,FRSO,2016,54.97932114
REGION1,FRSO,2017,73.54086535
REGION1,FRSO,2018,92.10240956
REGION1,FRSO,2019,110.6639538
REGION1,FRSO,2020,129.225498
REGION1,FRSO,2021,137.5812577
REGION1,FRSO,2022,145.9370173
REGION1,FRSO,2023,154.292777
REGION1,FRSO,2024,162.6485367
REGION1,FRSO,2025,171.0042964
REGION1,FRSO,2026,175.2091064
REGION1,FRSO,2027,179.4139165
REGION1,FRSO,2028,183.6187266
REGION1,FRSO,2029,187.8235367
REGION1,FRSO,2030,192.0283468
REGION1,FRSO,2031,196.229369
REGION1,FRSO,2032,200.4303911
REGION1,FRSO,2033,204.6314132
REGION1,FRSO,2034,208.8324353
REGION1,FRSO,2035,213.0334575
REGION1,FRSO,2036,223.2519629
REGION1,FRSO,2037,233.4704683
REGION1,FRSO,2038,243.6889737
REGION1,FRSO,2039,253.907479
REGION1,FRSO,2040,264.1259844
REGION1,FRSO,2041,271.4120579
REGION1,FRSO,2042,278.6981313
REGION1,FRSO,2043,285.9842048
REGION1,FRSO,2044,293.2702782
REGION1,FRSO,2045,300.5563517
REGION1,FRSO,2046,315.152669
REGION1,FRSO,2047,329.7489863
REGION1,FRSO,2048,344.3453036
REGION1,FRSO,2049,358.9416
REGION1,FRSO,2050,373.5379382
REGION1,FRSO,2051,386.4105545
REGION1,FRSO,2052,397.7004697
REGION1,FRSO,2053,407.5558759
REGION1,FRSO,2054,416.1247581
REGION1,FRSO,2055,423.5498116
REGION1,FRSO,2056,429.9651832
REGION1,FRSO,2057,435.4945925
REGION1,FRSO,2058,440.250464
REGION1,FRSO,2059,444.3337681
REGION1,FRSO,2060,447.83434
REGION1,FRWI,2015,77.4558
REGION1,FRWI,2016,101.6638776
REGION1,FRWI,2017,125.8719552
REGION1,FRWI,2018,150.0800328
REGION1,FRWI,2019,174.2881104
REGION1,FRWI,2020,198.496188
REGION1,FRWI,2021,205.8565824
REGION1,FRWI,2022,213.2169768
REGION1,FRWI,2023,220.5773712
REGION1,FRWI,2024,227.9377656
REGION1,FRWI,2025,235.29816
REGION1,FRWI,2026,248.3107344
REGION1,FRWI,2027,261.3233088
REGION1,FRWI,2028,274.3358832
REGION1,FRWI,2029,287.3484576
REGION1,FRWI,2030,300.361032
REGION1,FRWI,2031,300.4531416
REGION1,FRWI,2032,300.5452512
REGION1,FRWI,2033,300.6373608
REGION1,FRWI,2034,300.7294704
REGION1,FRWI,2035,300.82158
REGION1,FRWI,2036,315.307908
REGION1,FRWI,2037,329.794236
REGION1,FRWI,2038,344.280564
REGION1,FRWI,2039,358.766892
REGION1,FRWI,2040,373.25322
REGION1,FRWI,2041,386.2909152
REGION1,FRWI,2042,399.3286104
REGION1,FRWI,2043,412.3663056
REGION1,FRWI,2044,425.4040008
REGION1,FRWI,2045,438.441696
REGION1,FRWI,2046,474.113232
REGION1,FRWI,2047,509.784768
REGION1,FRWI,2048,545.456304
REGION1,FRWI,2049,581.1278
REGION1,FRWI,2050,616.799376
REGION1,FRWI,2051,653.8073386
REGION1,FRWI,2052,693.0357789
REGION1,FRWI,2053,734.6179256
REGION1,FRWI,2054,778.6950011
REGION1,FRWI,2055,825.4167012
REGION1,FRWI,2056,866.6875363
REGION1,FRWI,2057,910.0219131
REGION1,FRWI,2058,955.5230087
REGION1,FRWI,2059,1003.299159
REGION1,FRWI,2060,1053.464117
REGION1,GRHY,2015,21.185208
REGION1,GRHY,2016,21.2019552
REGION1,GRHY,2017,21.2187024
REGION1,GRHY,2018,21.2354496
REGION1,GRHY,2019,21.2521968
REGION1,GRHY,2020,21.268944
REGION1,GRHY,2021,21.0093624
REGION1,GRHY,2022,20.7497808
REGION1,GRHY,2023,20.4901992
REGION1,GRHY,2024,20.2306176
REGION1,GRHY,2025,19.971036
REGION1,GRHY,2026,19.9961568
REGION1,GRHY,2027,20.0212776
REGION1,GRHY,2028,20.0463984
REGION1,GRHY,2029,20.0715192
REGION1,GRHY,2030,20.09664
REGION1,GRHY,2031,20.1301344
REGION1,GRHY,2032,20.1636288
REGION1,GRHY,2033,20.1971232
REGION1,GRHY,2034,20.2306176
REGION1,GRHY,2035,20.264112
REGION1,GRHY,2036,20.2557384
REGION1,GRHY,2037,20.2473648
REGION1,GRHY,2038,20.2389912
REGION1,GRHY,2039,20.2306176
REGION1,GRHY,2040,20.222244
REGION1,GRHY,2041,20.2138704
REGION1,GRHY,2042,20.2054968
REGION1,GRHY,2043,20.1971232
REGION1,GRHY,2044,20.1887496
REGION1,GRHY,2045,20.180376
REGION1,GRHY,2046,20.180376
REGION1,GRHY,2047,20.180376
REGION1,GRHY,2048,20.180376
REGION1,GRHY,2049,20.1804
REGION1,GRHY,2050,20.180376
REGION1,GRHY,2051,20.180376
REGION1,GRHY,2052,20.180376
REGION1,GRHY,2053,20.180376
REGION1,GRHY,2054,20.180376
REGION1,GRHY,2055,20.180376
REGION1,GRHY,2056,20.180376
REGION1,GRHY,2057,20.180376
REGION1,GRHY,2058,20.180376
REGION1,GRHY,2059,20.180376
REGION1,GRHY,2060,20.180376
REGION1,GRSO,2015,21.520152
REGION1,GRSO,2016,22.441248
REGION1,GRSO,2017,23.362344
REGION1,GRSO,2018,24.28344
REGION1,GRSO,2019,25.204536
REGION1,GRSO,2020,26.125632
REGION1,GRSO,2021,28.3781304
REGION1,GRSO,2022,30.6306288
REGION1,GRSO,2023,32.8831272
REGION1,GRSO,2024,35.1356256
REGION1,GRSO,2025,37.388124
REGION1,GRSO,2026,38.8869984
REGION1,GRSO,2027,40.3858728
REGION1,GRSO,2028,41.8847472
REGION1,GRSO,2029,43.3836216
REGION1,GRSO,2030,44.882496
REGION1,GRSO,2031,46.515348
REGION1,GRSO,2032,48.1482
REGION1,GRSO,2033,49.781052
REGION1,GRSO,2034,51.413904
REGION1,GRSO,2035,53.046756
REGION1,GRSO,2036,53.5742928
REGION1,GRSO,2037,54.1018296
REGION1,GRSO,2038,54.6293664
REGION1,GRSO,2039,55.1569032
REGION1,GRSO,2040,55.68444
REGION1,GRSO,2041,57.4177752
REGION1,GRSO,2042,59.1511104
REGION1,GRSO,2043,60.8844456
REGION1,GRSO,2044,62.6177808
REGION1,GRSO,2045,64.351116
REGION1,GRSO,2046,66.2435496
REGION1,GRSO,2047,68.1359832
REGION1,GRSO,2048,70.0284168
REGION1,GRSO,2049,71.9209
REGION1,GRSO,2050,73.813284
REGION1,GRSO,2051,75.6586161
REGION1,GRSO,2052,77.5500815
REGION1,GRSO,2053,79.48883354
REGION1,GRSO,2054,81.47605438
REGION1,GRSO,2055,83.51295574
REGION1,GRSO,2056,85.60077963
REGION1,GRSO,2057,87.74079912
REGION1,GRSO,2058,89.9343191
REGION1,GRSO,2059,92.18267708
REGION1,GRSO,2060,94.487244
REGION1,GRWI,2015,13.81644
REGION1,GRWI,2016,14.8045248
REGION1,GRWI,2017,15.7926096
REGION1,GRWI,2018,16.7806944
REGION1,GRWI,2019,17.7687792
REGION1,GRWI,2020,18.756864
REGION1,GRWI,2021,22.5166104
REGION1,GRWI,2022,26.2763568
REGION1,GRWI,2023,30.0361032
REGION1,GRWI,2024,33.7958496
REGION1,GRWI,2025,37.555596
REGION1,GRWI,2026,41.533056
REGION1,GRWI,2027,45.510516
REGION1,GRWI,2028,49.487976
REGION1,GRWI,2029,53.465436
REGION1,GRWI,2030,57.442896
REGION1,GRWI,2031,57.4931376
REGION1,GRWI,2032,57.5433792
REGION1,GRWI,2033,57.5936208
REGION1,GRWI,2034,57.6438624
REGION1,GRWI,2035,57.694104
REGION1,GRWI,2036,59.0171328
REGION1,GRWI,2037,60.3401616
REGION1,GRWI,2038,61.6631904
REGION1,GRWI,2039,62.9862192
REGION1,GRWI,2040,64.309248
REGION1,GRWI,2041,66.7710864
REGION1,GRWI,2042,69.2329248
REGION1,GRWI,2043,71.6947632
REGION1,GRWI,2044,74.1566016
REGION1,GRWI,2045,76.61844
REGION1,GRWI,2046,77.2799544
REGION1,GRWI,2047,77.9414688
REGION1,GRWI,2048,78.6029832
REGION1,GRWI,2049,79.2645
REGION1,GRWI,2050,79.926012
REGION1,GRWI,2051,80.16579004
REGION1,GRWI,2052,80.40628741
REGION1,GRWI,2053,80.64750627
REGION1,GRWI,2054,80.88944879
REGION1,GRWI,2055,81.13211713
REGION1,GRWI,2056,81.37551348
REGION1,GRWI,2057,81.61964003
REGION1,GRWI,2058,81.86449895
REGION1,GRWI,2059,82.11009244
REGION1,GRWI,2060,82.35642272
REGION1,HRHY,2015,22.315644
REGION1,HRHY,2016,22.4077536
REGION1,HRHY,2017,22.4998632
REGION1,HRHY,2018,22.5919728
REGION1,HRHY,2019,22.6840824
REGION1,HRHY,2020,22.776192
REGION1,HRHY,2021,22.81806
REGION1,HRHY,2022,22.859928
REGION1,HRHY,2023,22.901796
REGION1,HRHY,2024,22.943664
REGION1,HRHY,2025,22.985532
REGION1,HRHY,2026,22.9939056
REGION1,HRHY,2027,23.0022792
REGION1,HRHY,2028,23.0106528
REGION1,HRHY,2029,23.0190264
REGION1,HRHY,2030,23.0274
REGION1,HRHY,2031,23.0274
REGION1,HRHY,2032,23.0274
REGION1,HRHY,2033,23.0274
REGION1,HRHY,2034,23.0274
REGION1,HRHY,2035,23.0274
REGION1,HRHY,2036,23.1278832
REGION1,HRHY,2037,23.2283664
REGION1,HRHY,2038,23.3288496
REGION1,HRHY,2039,23.4293328
REGION1,HRHY,2040,23.529816
REGION1,HRHY,2041,23.65542
REGION1,HRHY,2042,23.781024
REGION1,HRHY,2043,23.906628
REGION1,HRHY,2044,24.032232
REGION1,HRHY,2045,24.157836
REGION1,HRHY,2046,24.1913304
REGION1,HRHY,2047,24.2248248
REGION1,HRHY,2048,24.2583192
REGION1,HRHY,2049,24.2918
REGION1,HRHY,2050,24.325308
REGION1,HRHY,2051,24.35449837
REGION1,HRHY,2052,24.38372377
REGION1,HRHY,2053,24.41298424
REGION1,HRHY,2054,24.44227982
REGION1,HRHY,2055,24.47161055
REGION1,HRHY,2056,24.50097649
REGION1,HRHY,2057,24.53037766
REGION1,HRHY,2058,24.55981411
REGION1,HRHY,2059,24.58928589
REGION1,HRHY,2060,24.61879303
REGION1,HRSO,2015,0.669888
REGION1,HRSO,2016,0.7285032
REGION1,HRSO,2017,0.7871184
REGION1,HRSO,2018,0.8457336
REGION1,HRSO,2019,0.9043488
REGION1,HRSO,2020,0.962964
REGION1,HRSO,2021,1.6663464
REGION1,HRSO,2022,2.3697288
REGION1,HRSO,2023,3.0731112
REGION1,HRSO,2024,3.7764936
REGION1,HRSO,2025,4.479876
REGION1,HRSO,2026,4.856688
REGION1,HRSO,2027,5.2335
REGION1,HRSO,2028,5.610312
REGION1,HRSO,2029,5.987124
REGION1,HRSO,2030,6.363936
REGION1,HRSO,2031,6.5397816
REGION1,HRSO,2032,6.7156272
REGION1,HRSO,2033,6.8914728
REGION1,HRSO,2034,7.0673184
REGION1,HRSO,2035,7.243164
REGION1,HRSO,2036,7.3938888
REGION1,HRSO,2037,7.5446136
REGION1,HRSO,2038,7.6953384
REGION1,HRSO,2039,7.8460632
REGION1,HRSO,2040,7.996788
REGION1,HRSO,2041,9.00162
REGION1,HRSO,2042,10.006452
REGION1,HRSO,2043,11.011284
REGION1,HRSO,2044,12.016116
REGION1,HRSO,2045,13.020948
REGION1,HRSO,2046,13.6322208
REGION1,HRSO,2047,14.2434936
REGION1,HRSO,2048,14.8547664
REGION1,HRSO,2049,15.466
REGION1,HRSO,2050,16.077312
REGION1,HRSO,2051,16.64001792
REGION1,HRSO,2052,17.22241855
REGION1,HRSO,2053,17.8252032
REGION1,HRSO,2054,18.44908531
REGION1,HRSO,2055,19.09480329
REGION1,HRSO,2056,19.76312141
REGION1,HRSO,2057,20.45483066
REGION1,HRSO,2058,21.17074973
REGION1,HRSO,2059,21.91172597
REGION1,HRSO,2060,22.67863638
REGION1,HRWI,2015,2.344608
REGION1,HRWI,2016,2.344608
REGION1,HRWI,2017,2.344608
REGION1,HRWI,2018,2.344608
REGION1,HRWI,2019,2.344608
REGION1,HRWI,2020,2.344608
REGION1,HRWI,2021,2.344608
REGION1,HRWI,2022,2.344608
REGION1,HRWI,2023,2.344608
REGION1,HRWI,2024,2.344608
REGION1,HRWI,2025,2.344608
REGION1,HRWI,2026,2.7716616
REGION1,HRWI,2027,3.1987152
REGION1,HRWI,2028,3.6257688
REGION1,HRWI,2029,4.0528224
REGION1,HRWI,2030,4.479876
REGION1,HRWI,2031,4.479876
REGION1,HRWI,2032,4.479876
REGION1,HRWI,2033,4.479876
REGION1,HRWI,2034,4.479876
REGION1,HRWI,2035,4.479876
REGION1,HRWI,2036,4.9739184
REGION1,HRWI,2037,5.4679608
REGION1,HRWI,2038,5.9620032
REGION1,HRWI,2039,6.4560456
REGION1,HRWI,2040,6.950088
REGION1,HRWI,2041,7.159428
REGION1,HRWI,2042,7.368768
REGION1,HRWI,2043,7.578108
REGION1,HRWI,2044,7.787448
REGION1,HRWI,2045,7.996788
REGION1,HRWI,2046,8.2814904
REGION1,HRWI,2047,8.5661928
REGION1,HRWI,2048,8.8508952
REGION1,HRWI,2049,9.1356
REGION1,HRWI,2050,9.4203
REGION1,HRWI,2051,9.702909
REGION1,HRWI,2052,9.99399627
REGION1,HRWI,2053,10.29381616
REGION1,HRWI,2054,10.60263064
REGION1,HRWI,2055,10.92070956
REGION1,HRWI,2056,11.24833085
REGION1,HRWI,2057,11.58578077
REGION1,HRWI,2058,11.9333542
REGION1,HRWI,2059,12.29135482
REGION1,HRWI,2060,12.66009547
REGION1,HUHO,2015,0.83736
REGION1,HUHO,2016,0.83736
REGION1,HUHO,2017,0.83736
REGION1,HUHO,2018,0.83736
REGION1,HUHO,2019,0.83736
REGION1,HUHO,2020,0.83736
REGION1,HUHO,2021,0.83736
REGION1,HUHO,2022,0.83736
REGION1,HUHO,2023,0.83736
REGION1,HUHO,2024,0.83736
REGION1,HUHO,2025,0.83736
REGION1,HUHO,2026,0.83736
REGION1,HUHO,2027,0.83736
REGION1,HUHO,2028,0.83736
REGION1,HUHO,2029,0.83736
REGION1,HUHO,2030,0.83736
REGION1,HUHO,2031,0.83736
REGION1,HUHO,2032,0.83736
REGION1,HUHO,2033,0.83736
REGION1,HUHO,2034,0.83736
REGION1,HUHO,2035,0.83736
REGION1,HUHO,2036,0.83736
REGION1,HUHO,2037,0.83736
REGION1,HUHO,2038,0.83736
REGION1,HUHO,2039,0.83736
REGION1,HUHO,2040,0.83736
REGION1,HUHO,2041,1.1974248
REGION1,HUHO,2042,1.5574896
REGION1,HUHO,2043,1.9175544
REGION1,HUHO,2044,2.2776192
REGION1,HUHO,2045,2.637684
REGION1,HUHO,2046,2.8805184
REGION1,HUHO,2047,3.1233528
REGION1,HUHO,2048,3.3661872
REGION1,HUHO,2049,3.609
REGION1,HUHO,2050,3.851856
REGION1,HUHO,2051,4.00593024
REGION1,HUHO,2052,4.16616745
REGION1,HUHO,2053,4.332814148
REGION1,HUHO,2054,4.506126713
REGION1,HUHO,2055,4.686371782
REGION1,HUHO,2056,4.873826653
REGION1,HUHO,2057,5.068779719
REGION1,HUHO,2058,5.271530908
REGION1,HUHO,2059,5.482392145
REGION1,HUHO,2060,5.70168783
REGION1,HUSO,2015,1.0
REGION1,HUSO,2016,1.0
REGION1,HUSO,2017,1.0
REGION1,HUSO,2018,1.306789513
REGION1,HUSO,2019,1.615500699
REGION1,HUSO,2020,1.924211885
REGION1,HUSO,2021,2.169167495
REGION1,HUSO,2022,2.414123106
REGION1,HUSO,2023,2.659078716
REGION1,HUSO,2024,2.904034326
REGION1,HUSO,2025,3.148989937
REGION1,HUSO,2026,3.175101267
REGION1,HUSO,2027,3.201212598
REGION1,HUSO,2028,3.227323928
REGION1,HUSO,2029,3.253435259
REGION1,HUSO,2030,3.27954659
REGION1,HUSO,2031,3.513491077
REGION1,HUSO,2032,3.747435565
REGION1,HUSO,2033,3.981380053
REGION1,HUSO,2034,4.21532454
REGION1,HUSO,2035,4.449269028
REGION1,HUSO,2036,4.833092447
REGION1,HUSO,2037,5.216915866
REGION1,HUSO,2038,5.600739286
REGION1,HUSO,2039,5.984562705
REGION1,HUSO,2040,6.368386124
REGION1,HUSO,2041,6.60479466
REGION1,HUSO,2042,6.841203196
REGION1,HUSO,2043,7.077611733
REGION1,HUSO,2044,7.314020269
REGION1,HUSO,2045,7.550428805
REGION1,HUSO,2046,8.017813956
REGION1,HUSO,2047,8.485199106
REGION1,HUSO,2048,8.952584256
REGION1,HUSO,2049,9.42
REGION1,HUSO,2050,9.887354557
REGION1,HUSO,2051,10.27790504
REGION1,HUSO,2052,10.60142377
REGION1,HUSO,2053,10.86755558
REGION1,HUSO,2054,11.08526323
REGION1,HUSO,2055,11.26256531
REGION1,HUSO,2056,11.40644661
REGION1,HUSO,2057,11.52287397
REGION1,HUSO,2058,11.61687092
REGION1,HUSO,2059,11.69262025
REGION1,HUSO,2060,11.7535752
REGION1,HUWI,2015,2.0934
REGION1,HUWI,2016,2.3194872
REGION1,HUWI,2017,2.5455744
REGION1,HUWI,2018,2.7716616
REGION1,HUWI,2019,2.9977488
REGION1,HUWI,2020,3.223836
REGION1,HUWI,2021,3.223836
REGION1,HUWI,2022,3.223836
REGION1,HUWI,2023,3.223836
REGION1,HUWI,2024,3.223836
REGION1,HUWI,2025,3.223836
REGION1,HUWI,2026,3.223836
REGION1,HUWI,2027,3.223836
REGION1,HUWI,2028,3.223836
REGION1,HUWI,2029,3.223836
REGION1,HUWI,2030,3.223836
REGION1,HUWI,2031,4.312404
REGION1,HUWI,2032,5.400972
REGION1,HUWI,2033,6.48954
REGION1,HUWI,2034,7.578108
REGION1,HUWI,2035,8.666676
REGION1,HUWI,2036,9.0267408
REGION1,HUWI,2037,9.3868056
REGION1,HUWI,2038,9.7468704
REGION1,HUWI,2039,10.1069352
REGION1,HUWI,2040,10.467
REGION1,HUWI,2041,10.6512192
REGION1,HUWI,2042,10.8354384
REGION1,HUWI,2043,11.0196576
REGION1,HUWI,2044,11.2038768
REGION1,HUWI,2045,11.388096
REGION1,HUWI,2046,11.6727984
REGION1,HUWI,2047,11.9575008
REGION1,HUWI,2048,12.2422032
REGION1,HUWI,2049,12.5269
REGION1,HUWI,2050,12.811608
REGION1,HUWI,2051,13.06784016
REGION1,HUWI,2052,13.32919696
REGION1,HUWI,2053,13.5957809
REGION1,HUWI,2054,13.86769652
REGION1,HUWI,2055,14.14505045
REGION1,HUWI,2056,14.28650096
REGION1,HUWI,2057,14.42936596
REGION1,HUWI,2058,14.57365962
REGION1,HUWI,2059,14.71939622
REGION1,HUWI,2060,14.86659018
REGION1,IEHO,2015,2.595816
REGION1,IEHO,2016,2.7381672
REGION1,IEHO,2017,2.8805184
REGION1,IEHO,2018,3.0228696
REGION1,IEHO,2019,3.1652208
REGION1,IEHO,2020,3.307572
REGION1,IEHO,2021,3.2991984
REGION1,IEHO,2022,3.2908248
REGION1,IEHO,2023,3.2824512
REGION1,IEHO,2024,3.2740776
REGION1,IEHO,2025,3.265704
REGION1,IEHO,2026,3.265704
REGION1,IEHO,2027,3.265704
REGION1,IEHO,2028,3.265704
REGION1,IEHO,2029,3.265704
REGION1,IEHO,2030,3.265704
REGION1,IEHO,2031,3.2824512
REGION1,IEHO,2032,3.2991984
REGION1,IEHO,2033,3.3159456
REGION1,IEHO,2034,3.3326928
REGION1,IEHO,2035,3.34944
REGION1,IEHO,2036,3.475044
REGION1,IEHO,2037,3.600648
REGION1,IEHO,2038,3.726252
REGION1,IEHO,2039,3.851856
REGION1,IEHO,2040,3.97746
REGION1,IEHO,2041,4.1616792
REGION1,IEHO,2042,4.3458984
REGION1,IEHO,2043,4.5301176
REGION1,IEHO,2044,4.7143368
REGION1,IEHO,2045,4.898556
REGION1,IEHO,2046,4.9990392
REGION1,IEHO,2047,5.0995224
REGION1,IEHO,2048,5.2000056
REGION1,IEHO,2049,5.3005
REGION1,IEHO,2050,5.400972
REGION1,IEHO,2051,5.45498172
REGION1,IEHO,2052,5.509531537
REGION1,IEHO,2053,5.564626853
REGION1,IEHO,2054,5.620273121
REGION1,IEHO,2055,5.676475852
REGION1,IEHO,2056,5.733240611
REGION1,IEHO,2057,5.790573017
REGION1,IEHO,2058,5.848478747
REGION1,IEHO,2059,5.906963535
REGION1,IEHO,2060,5.96603317
REGION1,IEWI,2015,21.77136
REGION1,IEWI,2016,25.246404
REGION1,IEWI,2017,28.721448
REGION1,IEWI,2018,32.196492
REGION1,IEWI,2019,35.671536
REGION1,IEWI,2020,39.14658
REGION1,IEWI,2021,39.2470632
REGION1,IEWI,2022,39.3475464
REGION1,IEWI,2023,39.4480296
REGION1,IEWI,2024,39.5485128
REGION1,IEWI,2025,39.648996
REGION1,IEWI,2026,39.9923136
REGION1,IEWI,2027,40.3356312
REGION1,IEWI,2028,40.6789488
REGION1,IEWI,2029,41.0222664
REGION1,IEWI,2030,41.365584
REGION1,IEWI,2031,41.6000448
REGION1,IEWI,2032,41.8345056
REGION1,IEWI,2033,42.0689664
REGION1,IEWI,2034,42.3034272
REGION1,IEWI,2035,42.537888
REGION1,IEWI,2036,42.9147
REGION1,IEWI,2037,43.291512
REGION1,IEWI,2038,43.668324
REGION1,IEWI,2039,44.045136
REGION1,IEWI,2040,44.421948
REGION1,IEWI,2041,46.222272
REGION1,IEWI,2042,48.022596
REGION1,IEWI,2043,49.82292
REGION1,IEWI,2044,51.623244
REGION1,IEWI,2045,53.423568
REGION1,IEWI,2046,55.349496
REGION1,IEWI,2047,57.275424
REGION1,IEWI,2048,59.201352
REGION1,IEWI,2049,61.1273
REGION1,IEWI,2050,63.053208
REGION1,IEWI,2051,64.94480424
REGION1,IEWI,2052,66.89314837
REGION1,IEWI,2053,68.89994282
REGION1,IEWI,2054,70.9669411
REGION1,IEWI,2055,73.09594934
REGION1,IEWI,2056,75.28882782
REGION1,IEWI,2057,77.54749265
REGION1,IEWI,2058,79.87391743
REGION1,IEWI,2059,82.27013495
REGION1,IEWI,2060,84.738239
REGION1,ITHO,2015,173.291652
REGION1,ITHO,2016,172.872972
REGION1,ITHO,2017,172.454292
REGION1,ITHO,2018,172.035612
REGION1,ITHO,2019,171.616932
REGION1,ITHO,2020,171.198252
REGION1,ITHO,2021,172.2365784
REGION1,ITHO,2022,173.2749048
REGION1,ITHO,2023,174.3132312
REGION1,ITHO,2024,175.3515576
REGION1,ITHO,2025,176.389884
REGION1,ITHO,2026,176.934168
REGION1,ITHO,2027,177.478452
REGION1,ITHO,2028,178.022736
REGION1,ITHO,2029,178.56702
REGION1,ITHO,2030,179.111304
REGION1,ITHO,2031,180.2584872
REGION1,ITHO,2032,181.4056704
REGION1,ITHO,2033,182.5528536
REGION1,ITHO,2034,183.7000368
REGION1,ITHO,2035,184.84722
REGION1,ITHO,2036,185.7766896
REGION1,ITHO,2037,186.7061592
REGION1,ITHO,2038,187.6356288
REGION1,ITHO,2039,188.5650984
REGION1,ITHO,2040,189.494568
REGION1,ITHO,2041,189.996984
REGION1,ITHO,2042,190.4994
REGION1,ITHO,2043,191.001816
REGION1,ITHO,2044,191.504232
REGION1,ITHO,2045,192.006648
REGION1,ITHO,2046,192.4002072
REGION1,ITHO,2047,192.7937664
REGION1,ITHO,2048,193.1873256
REGION1,ITHO,2049,193.5809
REGION1,ITHO,2050,193.974444
REGION1,ITHO,2051,194.3623929
REGION1,ITHO,2052,194.7511177
REGION1,ITHO,2053,195.1406199
REGION1,ITHO,2054,195.5309011
REGION1,ITHO,2055,195.921963
REGION1,ITHO,2056,196.3138069
REGION1,ITHO,2057,196.7064345
REGION1,ITHO,2058,197.0998474
REGION1,ITHO,2059,197.4940471
REGION1,ITHO,2060,197.8890351
REGION1,ITSO,2015,92.067732
REGION1,ITSO,2016,94.6049328
REGION1,ITSO,2017,97.1421336
REGION1,ITSO,2018,99.6793344
REGION1,ITSO,2019,102.2165352
REGION1,ITSO,2020,104.753736
REGION1,ITSO,2021,110.3305536
REGION1,ITSO,2022,115.9073712
REGION1,ITSO,2023,121.4841888
REGION1,ITSO,2024,127.0610064
REGION1,ITSO,2025,132.637824
REGION1,ITSO,2026,136.2133512
REGION1,ITSO,2027,139.7888784
REGION1,ITSO,2028,143.3644056
REGION1,ITSO,2029,146.9399328
REGION1,ITSO,2030,150.51546
REGION1,ITSO,2031,153.9821304
REGION1,ITSO,2032,157.4488008
REGION1,ITSO,2033,160.9154712
REGION1,ITSO,2034,164.3821416
REGION1,ITSO,2035,167.848812
REGION1,ITSO,2036,171.5248224
REGION1,ITSO,2037,175.2008328
REGION1,ITSO,2038,178.8768432
REGION1,ITSO,2039,182.5528536
REGION1,ITSO,2040,186.228864
REGION1,ITSO,2041,211.517136
REGION1,ITSO,2042,236.805408
REGION1,ITSO,2043,262.09368
REGION1,ITSO,2044,287.381952
REGION1,ITSO,2045,312.670224
REGION1,ITSO,2046,323.2879488
REGION1,ITSO,2047,333.9056736
REGION1,ITSO,2048,344.5233984
REGION1,ITSO,2049,355.1411
REGION1,ITSO,2050,365.758848
REGION1,ITSO,2051,373.074025
REGION1,ITSO,2052,380.5355055
REGION1,ITSO,2053,388.1462156
REGION1,ITSO,2054,395.9091399
REGION1,ITSO,2055,403.8273227
REGION1,ITSO,2056,411.9038691
REGION1,ITSO,2057,420.1419465
REGION1,ITSO,2058,428.5447854
REGION1,ITSO,2059,437.1156812
REGION1,ITSO,2060,445.8579948
REGION1,ITWI,2015,52.669944
REGION1,ITWI,2016,52.6866912
REGION1,ITWI,2017,52.7034384
REGION1,ITWI,2018,52.7201856
REGION1,ITWI,2019,52.7369328
REGION1,ITWI,2020,52.75368
REGION1,ITWI,2021,60.6332376
REGION1,ITWI,2022,68.5127952
REGION1,ITWI,2023,76.3923528
REGION1,ITWI,2024,84.2719104
REGION1,ITWI,2025,92.151468
REGION1,ITWI,2026,97.2928584
REGION1,ITWI,2027,102.4342488
REGION1,ITWI,2028,107.5756392
REGION1,ITWI,2029,112.7170296
REGION1,ITWI,2030,117.85842
REGION1,ITWI,2031,118.5952968
REGION1,ITWI,2032,119.3321736
REGION1,ITWI,2033,120.0690504
REGION1,ITWI,2034,120.8059272
REGION1,ITWI,2035,121.542804
REGION1,ITWI,2036,125.8719552
REGION1,ITWI,2037,130.2011064
REGION1,ITWI,2038,134.5302576
REGION1,ITWI,2039,138.8594088
REGION1,ITWI,2040,143.18856
REGION1,ITWI,2041,147.9866328
REGION1,ITWI,2042,152.7847056
REGION1,ITWI,2043,157.5827784
REGION1,ITWI,2044,162.3808512
REGION1,ITWI,2045,167.178924
REGION1,ITWI,2046,178.4246688
REGION1,ITWI,2047,189.6704136
REGION1,ITWI,2048,200.9161584
REGION1,ITWI,2049,212.1619
REGION1,ITWI,2050,223.407648
REGION1,ITWI,2051,232.3439539
REGION1,ITWI,2052,241.6377121
REGION1,ITWI,2053,251.3032206
REGION1,ITWI,2054,261.3553494
REGION1,ITWI,2055,271.8095634
REGION1,ITWI,2056,282.6819459
REGION1,ITWI,2057,293.9892237
REGION1,ITWI,2058,305.7487927
REGION1,ITWI,2059,317.9787444
REGION1,ITWI,2060,330.6978942
REGION1,LTHO,2015,1.590984
REGION1,LTHO,2016,1.590984
REGION1,LTHO,2017,1.590984
REGION1,LTHO,2018,1.590984
REGION1,LTHO,2019,1.590984
REGION1,LTHO,2020,1.590984
REGION1,LTHO,2021,1.590984
REGION1,LTHO,2022,1.590984
REGION1,LTHO,2023,1.590984
REGION1,LTHO,2024,1.590984
REGION1,LTHO,2025,1.590984
REGION1,LTHO,2026,1.590984
REGION1,LTHO,2027,1.590984
REGION1,LTHO,2028,1.590984
REGION1,LTHO,2029,1.590984
REGION1,LTHO,2030,1.590984
REGION1,LTHO,2031,1.590984
REGION1,LTHO,2032,1.590984
REGION1,LTHO,2033,1.590984
REGION1,LTHO,2034,1.590984
REGION1,LTHO,2035,1.590984
REGION1,LTHO,2036,1.6244784
REGION1,LTHO,2037,1.6579728
REGION1,LTHO,2038,1.6914672
REGION1,LTHO,2039,1.7249616
REGION1,LTHO,2040,1.758456
REGION1,LTHO,2041,1.8170712
REGION1,LTHO,2042,1.8756864
REGION1,LTHO,2043,1.9343016
REGION1,LTHO,2044,1.9929168
REGION1,LTHO,2045,2.051532
REGION1,LTHO,2046,2.4199704
REGION1,LTHO,2047,2.7884088
REGION1,LTHO,2048,3.1568472
REGION1,LTHO,2049,3.5252856
REGION1,LTHO,2050,3.893724
REGION1,LTHO,2051,3.97159848
REGION1,LTHO,2052,4.05103045
REGION1,LTHO,2053,4.132051059
REGION1,LTHO,2054,4.21469208
REGION1,LTHO,2055,4.298985921
REGION1,LTHO,2056,4.38496564
REGION1,LTHO,2057,4.472664953
REGION1,LTHO,2058,4.562118252
REGION1,LTHO,2059,4.653360617
REGION1,LTHO,2060,4.746427829
REGION1,LTWI,2015,4.41504
REGION1,LTWI,2016,5.298048
REGION1,LTWI,2017,6.181056
REGION1,LTWI,2018,7.064064
REGION1,LTWI,2019,7.947072
REGION1,LTWI,2020,8.83008
REGION1,LTWI,2021,9.3598848
REGION1,LTWI,2022,9.921477888
REGION1,LTWI,2023,10.51676656
REGION1,LTWI,2024,11.14777255
REGION1,LTWI,2025,11.81663891
REGION1,LTWI,2026,12.52563724
REGION1,LTWI,2027,13.27717548
REGION1,LTWI,2028,14.07380601
REGION1,LTWI,2029,14.91823437
REGION1,LTWI,2030,15.81332843
REGION1,LTWI,2031,16.28772828
REGION1,LTWI,2032,16.77636013
REGION1,LTWI,2033,17.27965093
REGION1,LTWI,2034,17.79804046
REGION1,LTWI,2035,18.33198168
REGION1,LTWI,2036,18.88194113
REGION1,LTWI,2037,19.44839936
REGION1,LTWI,2038,20.03185134
REGION1,LTWI,2039,20.63280688
REGION1,LTWI,2040,21.25179109
REGION1,LTWI,2041,21.57056795
REGION1,LTWI,2042,21.89412647
REGION1,LTWI,2043,22.22253837
REGION1,LTWI,2044,22.55587644
REGION1,LTWI,2045,22.89421459
REGION1,LTWI,2046,23.23762781
REGION1,LTWI,2047,23.58619223
REGION1,LTWI,2048,23.93998511
REGION1,LTWI,2049,24.29908489
REGION1,LTWI,2050,24.66357116
REGION1,LTWI,2051,24.91020687
REGION1,LTWI,2052,25.15930894
REGION1,LTWI,2053,25.41090203
REGION1,LTWI,2054,25.66501105
REGION1,LTWI,2055,25.92166116
REGION1,LTWI,2056,26.18087777
REGION1,LTWI,2057,26.44268655
REGION1,LTWI,2058,26.70711342
REGION1,LTWI,2059,26.97418455
REGION1,LTWI,2060,27.2439264
REGION1,LUHO,2015,5.508
REGION1,LUHO,2016,5.9976
REGION1,LUHO,2017,6.4872
REGION1,LUHO,2018,6.9768
REGION1,LUHO,2019,7.4664
REGION1,LUHO,2020,7.956
REGION1,LUHO,2021,7.956
REGION1,LUHO,2022,7.956
REGION1,LUHO,2023,7.956
REGION1,LUHO,2024,7.956
REGION1,LUHO,2025,7.956
REGION1,LUHO,2026,7.956
REGION1,LUHO,2027,7.956
REGION1,LUHO,2028,7.956
REGION1,LUHO,2029,7.956
REGION1,LUHO,2030,7.956
REGION1,LUHO,2031,7.956
REGION1,LUHO,2032,7.956
REGION1,LUHO,2033,7.956
REGION1,LUHO,2034,7.956
REGION1,LUHO,2035,7.956
REGION1,LUHO,2036,7.956
REGION1,LUHO,2037,7.956
REGION1,LUHO,2038,7.956
REGION1,LUHO,2039,7.956
REGION1,LUHO,2040,7.956
REGION1,LUHO,2041,7.956
REGION1,LUHO,2042,7.956
REGION1,LUHO,2043,7.956
REGION1,LUHO,2044,7.956
REGION1,LUHO,2045,7.956
REGION1,LUHO,2046,8.0784
REGION1,LUHO,2047,8.2008
REGION1,LUHO,2048,8.3232
REGION1,LUHO,2049,8.4456
REGION1,LUHO,2050,8.568
REGION1,LUHO,2051,8.61084
REGION1,LUHO,2052,8.6538942
REGION1,LUHO,2053,8.697163671
REGION1,LUHO,2054,8.740649489
REGION1,LUHO,2055,8.784352737
REGION1,LUHO,2056,8.8282745
REGION1,LUHO,2057,8.872415873
REGION1,LUHO,2058,8.916777952
REGION1,LUHO,2059,8.961361842
REGION1,LUHO,2060,9.006168651
REGION1,LUSO,2015,0.544474573
REGION1,LUSO,2016,0.661421252
REGION1,LUSO,2017,0.778367931
REGION1,LUSO,2018,0.895314609
REGION1,LUSO,2019,1.012261288
REGION1,LUSO,2020,1.129207967
REGION1,LUSO,2021,1.218989318
REGION1,LUSO,2022,1.308770668
REGION1,LUSO,2023,1.398552019
REGION1,LUSO,2024,1.48833337
REGION1,LUSO,2025,1.578114721
REGION1,LUSO,2026,1.587669678
REGION1,LUSO,2027,1.597224635
REGION1,LUSO,2028,1.606779592
REGION1,LUSO,2029,1.616334549
REGION1,LUSO,2030,1.625889505
REGION1,LUSO,2031,1.695992658
REGION1,LUSO,2032,1.76609581
REGION1,LUSO,2033,1.836198962
REGION1,LUSO,2034,1.906302114
REGION1,LUSO,2035,1.976405267
REGION1,LUSO,2036,2.046282103
REGION1,LUSO,2037,2.116158939
REGION1,LUSO,2038,2.186035776
REGION1,LUSO,2039,2.255912612
REGION1,LUSO,2040,2.325789449
REGION1,LUSO,2041,2.382611139
REGION1,LUSO,2042,2.43943283
REGION1,LUSO,2043,2.496254521
REGION1,LUSO,2044,2.553076212
REGION1,LUSO,2045,2.609897903
REGION1,LUSO,2046,2.659454819
REGION1,LUSO,2047,2.709011736
REGION1,LUSO,2048,2.758568653
REGION1,LUSO,2049,2.8081
REGION1,LUSO,2050,2.857682486
REGION1,LUSO,2051,2.831963344
REGION1,LUSO,2052,2.806475674
REGION1,LUSO,2053,2.781217393
REGION1,LUSO,2054,2.756186436
REGION1,LUSO,2055,2.731380758
REGION1,LUSO,2056,2.706798331
REGION1,LUSO,2057,2.682437146
REGION1,LUSO,2058,2.658295212
REGION1,LUSO,2059,2.634370555
REGION1,LUSO,2060,2.61066122
REGION1,LUWI,2015,0.293076
REGION1,LUWI,2016,0.5945256
REGION1,LUWI,2017,0.8959752
REGION1,LUWI,2018,1.1974248
REGION1,LUWI,2019,1.4988744
REGION1,LUWI,2020,1.800324
REGION1,LUWI,2021,1.7919504
REGION1,LUWI,2022,1.7835768
REGION1,LUWI,2023,1.7752032
REGION1,LUWI,2024,1.7668296
REGION1,LUWI,2025,1.758456
REGION1,LUWI,2026,1.7752032
REGION1,LUWI,2027,1.7919504
REGION1,LUWI,2028,1.8086976
REGION1,LUWI,2029,1.8254448
REGION1,LUWI,2030,1.842192
REGION1,LUWI,2031,1.842192
REGION1,LUWI,2032,1.842192
REGION1,LUWI,2033,1.842192
REGION1,LUWI,2034,1.842192
REGION1,LUWI,2035,1.842192
REGION1,LUWI,2036,1.8505656
REGION1,LUWI,2037,1.8589392
REGION1,LUWI,2038,1.8673128
REGION1,LUWI,2039,1.8756864
REGION1,LUWI,2040,1.88406
REGION1,LUWI,2041,1.9845432
REGION1,LUWI,2042,2.0850264
REGION1,LUWI,2043,2.1855096
REGION1,LUWI,2044,2.2859928
REGION1,LUWI,2045,2.386476
REGION1,LUWI,2046,2.6209368
REGION1,LUWI,2047,2.8553976
REGION1,LUWI,2048,3.0898584
REGION1,LUWI,2049,3.3243
REGION1,LUWI,2050,3.55878
REGION1,LUWI,2051,3.736719
REGION1,LUWI,2052,3.92355495
REGION1,LUWI,2053,4.119732698
REGION1,LUWI,2054,4.325719332
REGION1,LUWI,2055,4.542005299
REGION1,LUWI,2056,4.769105564
REGION1,LUWI,2057,5.007560842
REGION1,LUWI,2058,5.257938884
REGION1,LUWI,2059,5.520835828
REGION1,LUWI,2060,5.79687762
REGION1,LVHO,2015,8.935063291
REGION1,LVHO,2016,9.108
REGION1,LVHO,2017,9.280936709
REGION1,LVHO,2018,9.453873418
REGION1,LVHO,2019,9.626810127
REGION1,LVHO,2020,9.799746835
REGION1,LVHO,2021,9.799746835
REGION1,LVHO,2022,9.799746835
REGION1,LVHO,2023,9.799746835
REGION1,LVHO,2024,9.799746835
REGION1,LVHO,2025,9.799746835
REGION1,LVHO,2026,9.799746835
REGION1,LVHO,2027,9.799746835
REGION1,LVHO,2028,9.799746835
REGION1,LVHO,2029,9.799746835
REGION1,LVHO,2030,9.799746835
REGION1,LVHO,2031,9.799746835
REGION1,LVHO,2032,9.799746835
REGION1,LVHO,2033,9.799746835
REGION1,LVHO,2034,9.799746835
REGION1,LVHO,2035,9.799746835
REGION1,LVHO,2036,9.82856962
REGION1,LVHO,2037,9.857392405
REGION1,LVHO,2038,9.88621519
REGION1,LVHO,2039,9.915037975
REGION1,LVHO,2040,9.943860759
REGION1,LVHO,2041,9.951066456
REGION1,LVHO,2042,9.958272152
REGION1,LVHO,2043,9.965477848
REGION1,LVHO,2044,9.972683544
REGION1,LVHO,2045,9.979889241
REGION1,LVHO,2046,10.04474051
REGION1,LVHO,2047,10.10959177
REGION1,LVHO,2048,10.17444304
REGION1,LVHO,2049,10.2392943
REGION1,LVHO,2050,10.30414557
REGION1,LVHO,2051,10.31444972
REGION1,LVHO,2052,10.32476416
REGION1,LVHO,2053,10.33508893
REGION1,LVHO,2054,10.34542402
REGION1,LVHO,2055,10.35576944
REGION1,LVHO,2056,10.36612521
REGION1,LVHO,2057,10.37649134
REGION1,LVHO,2058,10.38686783
REGION1,LVHO,2059,10.3972547
REGION1,LVHO,2060,10.40765195
REGION1,LVWI,2015,1.26144
REGION1,LVWI,2016,1.955232
REGION1,LVWI,2017,2.649024
REGION1,LVWI,2018,3.342816
REGION1,LVWI,2019,4.036608
REGION1,LVWI,2020,4.7304
REGION1,LVWI,2021,5.014224
REGION1,LVWI,2022,5.31507744
REGION1,LVWI,2023,5.633982086
REGION1,LVWI,2024,5.972021012
REGION1,LVWI,2025,6.330342272
REGION1,LVWI,2026,6.710162809
REGION1,LVWI,2027,7.112772577
REGION1,LVWI,2028,7.539538932
REGION1,LVWI,2029,7.991911268
REGION1,LVWI,2030,8.471425944
REGION1,LVWI,2031,8.810282981
REGION1,LVWI,2032,9.162694301
REGION1,LVWI,2033,9.529202073
REGION1,LVWI,2034,9.910370156
REGION1,LVWI,2035,10.30678496
REGION1,LVWI,2036,10.71905636
REGION1,LVWI,2037,11.14781861
REGION1,LVWI,2038,11.59373136
REGION1,LVWI,2039,12.05748061
REGION1,LVWI,2040,12.53977984
REGION1,LVWI,2041,12.79057544
REGION1,LVWI,2042,13.04638694
REGION1,LVWI,2043,13.30731468
REGION1,LVWI,2044,13.57346098
REGION1,LVWI,2045,13.8449302
REGION1,LVWI,2046,14.1218288
REGION1,LVWI,2047,14.40426538
REGION1,LVWI,2048,14.69235068
REGION1,LVWI,2049,14.9861977
REGION1,LVWI,2050,15.28592165
REGION1,LVWI,2051,15.43878087
REGION1,LVWI,2052,15.59316868
REGION1,LVWI,2053,15.74910036
REGION1,LVWI,2054,15.90659137
REGION1,LVWI,2055,16.06565728
REGION1,LVWI,2056,16.22631385
REGION1,LVWI,2057,16.38857699
REGION1,LVWI,2058,16.55246276
REGION1,LVWI,2059,16.71798739
REGION1,LVWI,2060,16.88516726
REGION1,MTSO,2015,0.544284
REGION1,MTSO,2016,0.7368768
REGION1,MTSO,2017,0.9294696
REGION1,MTSO,2018,1.1220624
REGION1,MTSO,2019,1.3146552
REGION1,MTSO,2020,1.507248
REGION1,MTSO,2021,1.5323688
REGION1,MTSO,2022,1.5574896
REGION1,MTSO,2023,1.5826104
REGION1,MTSO,2024,1.6077312
REGION1,MTSO,2025,1.632852
REGION1,MTSO,2026,1.6830936
REGION1,MTSO,2027,1.7333352
REGION1,MTSO,2028,1.7835768
REGION1,MTSO,2029,1.8338184
REGION1,MTSO,2030,1.88406
REGION1,MTSO,2031,1.9343016
REGION1,MTSO,2032,1.9845432
REGION1,MTSO,2033,2.0347848
REGION1,MTSO,2034,2.0850264
REGION1,MTSO,2035,2.135268
REGION1,MTSO,2036,2.2859928
REGION1,MTSO,2037,2.4367176
REGION1,MTSO,2038,2.5874424
REGION1,MTSO,2039,2.7381672
REGION1,MTSO,2040,2.888892
REGION1,MTSO,2041,2.888892
REGION1,MTSO,2042,2.888892
REGION1,MTSO,2043,2.888892
REGION1,MTSO,2044,2.888892
REGION1,MTSO,2045,2.888892
REGION1,MTSO,2046,2.888892
REGION1,MTSO,2047,2.888892
REGION1,MTSO,2048,2.888892
REGION1,MTSO,2049,2.8889
REGION1,MTSO,2050,2.888892
REGION1,MTSO,2051,2.888892
REGION1,MTSO,2052,2.888892
REGION1,MTSO,2053,2.888892
REGION1,MTSO,2054,2.888892
REGION1,MTSO,2055,2.888892
REGION1,MTSO,2056,2.888892
REGION1,MTSO,2057,2.888892
REGION1,MTSO,2058,2.888892
REGION1,MTSO,2059,2.888892
REGION1,MTSO,2060,2.888892
REGION1,NLHO,2015,0.376812
REGION1,NLHO,2016,0.376812
REGION1,NLHO,2017,0.376812
REGION1,NLHO,2018,0.376812
REGION1,NLHO,2019,0.376812
REGION1,NLHO,2020,0.376812
REGION1,NLHO,2021,0.376812
REGION1,NLHO,2022,0.376812
REGION1,NLHO,2023,0.376812
REGION1,NLHO,2024,0.376812
REGION1,NLHO,2025,0.376812
REGION1,NLHO,2026,0.376812
REGION1,NLHO,2027,0.376812
REGION1,NLHO,2028,0.376812
REGION1,NLHO,2029,0.376812
REGION1,NLHO,2030,0.376812
REGION1,NLHO,2031,0.376812
REGION1,NLHO,2032,0.376812
REGION1,NLHO,2033,0.376812
REGION1,NLHO,2034,0.376812
REGION1,NLHO,2035,0.376812
REGION1,NLHO,2036,0.376812
REGION1,NLHO,2037,0.376812
REGION1,NLHO,2038,0.376812
REGION1,NLHO,2039,0.376812
REGION1,NLHO,2040,0.376812
REGION1,NLHO,2041,0.376812
REGION1,NLHO,2042,0.376812
REGION1,NLHO,2043,0.376812
REGION1,NLHO,2044,0.376812
REGION1,NLHO,2045,0.376812
REGION1,NLHO,2046,0.376812
REGION1,NLHO,2047,0.376812
REGION1,NLHO,2048,0.376812
REGION1,NLHO,2049,0.3768
REGION1,NLHO,2050,0.376812
REGION1,NLHO,2051,0.376812
REGION1,NLHO,2052,0.376812
REGION1,NLHO,2053,0.376812
REGION1,NLHO,2054,0.376812
REGION1,NLHO,2055,0.376812
REGION1,NLHO,2056,0.376812
REGION1,NLHO,2057,0.376812
REGION1,NLHO,2058,0.376812
REGION1,NLHO,2059,0.376812
REGION1,NLHO,2060,0.376812
REGION1,NLWI,2015,25.874424
REGION1,NLWI,2016,40.570092
REGION1,NLWI,2017,55.26576
REGION1,NLWI,2018,69.961428
REGION1,NLWI,2019,84.657096
REGION1,NLWI,2020,99.352764
REGION1,NLWI,2021,99.352764
REGION1,NLWI,2022,99.352764
REGION1,NLWI,2023,99.352764
REGION1,NLWI,2024,99.352764
REGION1,NLWI,2025,99.352764
REGION1,NLWI,2026,99.352764
REGION1,NLWI,2027,99.352764
REGION1,NLWI,2028,99.352764
REGION1,NLWI,2029,99.352764
REGION1,NLWI,2030,99.352764
REGION1,NLWI,2031,99.4867416
REGION1,NLWI,2032,99.6207192
REGION1,NLWI,2033,99.7546968
REGION1,NLWI,2034,99.8886744
REGION1,NLWI,2035,100.022652
REGION1,NLWI,2036,100.2068712
REGION1,NLWI,2037,100.3910904
REGION1,NLWI,2038,100.5753096
REGION1,NLWI,2039,100.7595288
REGION1,NLWI,2040,100.943748
REGION1,NLWI,2041,101.571768
REGION1,NLWI,2042,102.199788
REGION1,NLWI,2043,102.827808
REGION1,NLWI,2044,103.455828
REGION1,NLWI,2045,104.083848
REGION1,NLWI,2046,111.6033408
REGION1,NLWI,2047,119.1228336
REGION1,NLWI,2048,126.6423264
REGION1,NLWI,2049,134.1618
REGION1,NLWI,2050,141.681312
REGION1,NLWI,2051,148.7653776
REGION1,NLWI,2052,156.2036465
REGION1,NLWI,2053,164.0138288
REGION1,NLWI,2054,172.2145202
REGION1,NLWI,2055,180.8252463
REGION1,NLWI,2056,189.8665086
REGION1,NLWI,2057,199.359834
REGION1,NLWI,2058,209.3278257
REGION1,NLWI,2059,219.794217
REGION1,NLWI,2060,230.7839278
REGION1,NOHO,2015,613.08
REGION1,NOHO,2016,613.08
REGION1,NOHO,2017,613.08
REGION1,NOHO,2018,613.08
REGION1,NOHO,2019,613.08
REGION1,NOHO,2020,613.08
REGION1,NOHO,2021,613.08
REGION1,NOHO,2022,613.08
REGION1,NOHO,2023,613.08
REGION1,NOHO,2024,613.08
REGION1,NOHO,2025,613.08
REGION1,NOHO,2026,613.08
REGION1,NOHO,2027,613.08
REGION1,NOHO,2028,613.08
REGION1,NOHO,2029,613.08
REGION1,NOHO,2030,613.08
REGION1,NOHO,2031,613.08
REGION1,NOHO,2032,613.08
REGION1,NOHO,2033,613.08
REGION1,NOHO,2034,613.08
REGION1,NOHO,2035,613.08
REGION1,NOHO,2036,613.08
REGION1,NOHO,2037,613.08
REGION1,NOHO,2038,613.08
REGION1,NOHO,2039,613.08
REGION1,NOHO,2040,613.08
REGION1,NOHO,2041,613.08
REGION1,NOHO,2042,613.08
REGION1,NOHO,2043,613.08
REGION1,NOHO,2044,613.08
REGION1,NOHO,2045,613.08
REGION1,NOHO,2046,613.08
REGION1,NOHO,2047,613.08
REGION1,NOHO,2048,613.08
REGION1,NOHO,2049,613.08
REGION1,NOHO,2050,613.08
REGION1,NOHO,2051,613.08
REGION1,NOHO,2052,613.08
REGION1,NOHO,2053,613.08
REGION1,NOHO,2054,613.08
REGION1,NOHO,2055,613.08
REGION1,NOHO,2056,613.08
REGION1,NOHO,2057,613.08
REGION1,NOHO,2058,613.08
REGION1,NOHO,2059,613.08
REGION1,NOHO,2060,613.08
REGION1,PLHO,2015,8.624808
REGION1,PLHO,2016,8.6499288
REGION1,PLHO,2017,8.6750496
REGION1,PLHO,2018,8.7001704
REGION1,PLHO,2019,8.7252912
REGION1,PLHO,2020,8.750412
REGION1,PLHO,2021,8.8425216
REGION1,PLHO,2022,8.9346312
REGION1,PLHO,2023,9.0267408
REGION1,PLHO,2024,9.1188504
REGION1,PLHO,2025,9.21096
REGION1,PLHO,2026,9.3616848
REGION1,PLHO,2027,9.5124096
REGION1,PLHO,2028,9.6631344
REGION1,PLHO,2029,9.8138592
REGION1,PLHO,2030,9.964584
REGION1,PLHO,2031,9.964584
REGION1,PLHO,2032,9.964584
REGION1,PLHO,2033,9.964584
REGION1,PLHO,2034,9.964584
REGION1,PLHO,2035,9.964584
REGION1,PLHO,2036,10.3079016
REGION1,PLHO,2037,10.6512192
REGION1,PLHO,2038,10.9945368
REGION1,PLHO,2039,11.3378544
REGION1,PLHO,2040,11.681172
REGION1,PLHO,2041,12.2422032
REGION1,PLHO,2042,12.8032344
REGION1,PLHO,2043,13.3642656
REGION1,PLHO,2044,13.9252968
REGION1,PLHO,2045,14.486328
REGION1,PLHO,2046,14.7626568
REGION1,PLHO,2047,15.0389856
REGION1,PLHO,2048,15.3153144
REGION1,PLHO,2049,15.5916
REGION1,PLHO,2050,15.867972
REGION1,PLHO,2051,16.02665172
REGION1,PLHO,2052,16.18691824
REGION1,PLHO,2053,16.34878742
REGION1,PLHO,2054,16.51227529
REGION1,PLHO,2055,16.67739805
REGION1,PLHO,2056,16.81081723
REGION1,PLHO,2057,16.94530377
REGION1,PLHO,2058,17.0808662
REGION1,PLHO,2059,17.21751313
REGION1,PLHO,2060,17.35525323
REGION1,PLWI,2015,59.71116343
REGION1,PLWI,2016,68.86110857
REGION1,PLWI,2017,78.461568
REGION1,PLWI,2018,88.51254171
REGION1,PLWI,2019,99.01402971
REGION1,PLWI,2020,109.966032
REGION1,PLWI,2021,114.7164574
REGION1,PLWI,2022,119.5542374
REGION1,PLWI,2023,124.4793722
REGION1,PLWI,2024,129.4918618
REGION1,PLWI,2025,134.591706
REGION1,PLWI,2026,139.778905
REGION1,PLWI,2027,145.0534586
REGION1,PLWI,2028,150.415367
REGION1,PLWI,2029,155.8646302
REGION1,PLWI,2030,161.401248
REGION1,PLWI,2031,164.629273
REGION1,PLWI,2032,167.9218584
REGION1,PLWI,2033,171.2802956
REGION1,PLWI,2034,174.7059015
REGION1,PLWI,2035,178.2000195
REGION1,PLWI,2036,181.7640199
REGION1,PLWI,2037,185.3993003
REGION1,PLWI,2038,189.1072863
REGION1,PLWI,2039,192.8894321
REGION1,PLWI,2040,196.7472207
REGION1,PLWI,2041,199.698429
REGION1,PLWI,2042,202.6939054
REGION1,PLWI,2043,205.734314
REGION1,PLWI,2044,208.8203287
REGION1,PLWI,2045,211.9526337
REGION1,PLWI,2046,215.1319232
REGION1,PLWI,2047,218.358902
REGION1,PLWI,2048,221.6342855
REGION1,PLWI,2049,224.9587998
REGION1,PLWI,2050,227.2083878
REGION1,PLWI,2051,229.4804717
REGION1,PLWI,2052,231.7752764
REGION1,PLWI,2053,234.0930292
REGION1,PLWI,2054,236.4339595
REGION1,PLWI,2055,238.7982991
REGION1,PLWI,2056,241.1862821
REGION1,PLWI,2057,243.5981449
REGION1,PLWI,2058,246.0341263
REGION1,PLWI,2059,248.4944676
REGION1,PLWI,2060,250.9794123
REGION1,PTHO,2015,34.33176
REGION1,PTHO,2016,40.8129264
REGION1,PTHO,2017,47.2940928
REGION1,PTHO,2018,53.7752592
REGION1,PTHO,2019,60.2564256
REGION1,PTHO,2020,66.737592
REGION1,PTHO,2021,66.4780104
REGION1,PTHO,2022,66.2184288
REGION1,PTHO,2023,65.9588472
REGION1,PTHO,2024,65.6992656
REGION1,PTHO,2025,65.439684
REGION1,PTHO,2026,65.9421
REGION1,PTHO,2027,66.444516
REGION1,PTHO,2028,66.946932
REGION1,PTHO,2029,67.449348
REGION1,PTHO,2030,67.951764
REGION1,PTHO,2031,67.9685112
REGION1,PTHO,2032,67.9852584
REGION1,PTHO,2033,68.0020056
REGION1,PTHO,2034,68.0187528
REGION1,PTHO,2035,68.0355
REGION1,PTHO,2036,68.0689944
REGION1,PTHO,2037,68.1024888
REGION1,PTHO,2038,68.1359832
REGION1,PTHO,2039,68.1694776
REGION1,PTHO,2040,68.202972
REGION1,PTHO,2041,68.202972
REGION1,PTHO,2042,68.202972
REGION1,PTHO,2043,68.202972
REGION1,PTHO,2044,68.202972
REGION1,PTHO,2045,68.202972
REGION1,PTHO,2046,68.3453232
REGION1,PTHO,2047,68.4876744
REGION1,PTHO,2048,68.6300256
REGION1,PTHO,2049,68.7724
REGION1,PTHO,2050,68.914728
REGION1,PTHO,2051,69.05255746
REGION1,PTHO,2052,69.19066257
REGION1,PTHO,2053,69.3290439
REGION1,PTHO,2054,69.46770198
REGION1,PTHO,2055,69.60663739
REGION1,PTHO,2056,69.74585066
REGION1,PTHO,2057,69.88534236
REGION1,PTHO,2058,70.02511305
REGION1,PTHO,2059,70.16516327
REGION1,PTHO,2060,70.3054936
REGION1,PTSO,2015,5.694048
REGION1,PTSO,2016,6.2299584
REGION1,PTSO,2017,6.7658688
REGION1,PTSO,2018,7.3017792
REGION1,PTSO,2019,7.8376896
REGION1,PTSO,2020,8.3736
REGION1,PTSO,2021,9.2025864
REGION1,PTSO,2022,10.0315728
REGION1,PTSO,2023,10.8605592
REGION1,PTSO,2024,11.6895456
REGION1,PTSO,2025,12.518532
REGION1,PTSO,2026,14.6872944
REGION1,PTSO,2027,16.8560568
REGION1,PTSO,2028,19.0248192
REGION1,PTSO,2029,21.1935816
REGION1,PTSO,2030,23.362344
REGION1,PTSO,2031,23.7140352
REGION1,PTSO,2032,24.0657264
REGION1,PTSO,2033,24.4174176
REGION1,PTSO,2034,24.7691088
REGION1,PTSO,2035,25.1208
REGION1,PTSO,2036,26.4773232
REGION1,PTSO,2037,27.8338464
REGION1,PTSO,2038,29.1903696
REGION1,PTSO,2039,30.5468928
REGION1,PTSO,2040,31.903416
REGION1,PTSO,2041,32.154624
REGION1,PTSO,2042,32.405832
REGION1,PTSO,2043,32.65704
REGION1,PTSO,2044,32.908248
REGION1,PTSO,2045,33.159456
REGION1,PTSO,2046,34.5327264
REGION1,PTSO,2047,35.9059968
REGION1,PTSO,2048,37.2792672
REGION1,PTSO,2049,38.6525
REGION1,PTSO,2050,40.025808
REGION1,PTSO,2051,41.22658224
REGION1,PTSO,2052,42.46337971
REGION1,PTSO,2053,43.7372811
REGION1,PTSO,2054,45.04939953
REGION1,PTSO,2055,46.40088152
REGION1,PTSO,2056,47.79290796
REGION1,PTSO,2057,49.2266952
REGION1,PTSO,2058,50.70349606
REGION1,PTSO,2059,52.22460094
REGION1,PTSO,2060,53.79133897
REGION1,PTWI,2015,42.035472
REGION1,PTWI,2016,42.1024608
REGION1,PTWI,2017,42.1694496
REGION1,PTWI,2018,42.2364384
REGION1,PTWI,2019,42.3034272
REGION1,PTWI,2020,42.370416
REGION1,PTWI,2021,42.3787896
REGION1,PTWI,2022,42.3871632
REGION1,PTWI,2023,42.3955368
REGION1,PTWI,2024,42.4039104
REGION1,PTWI,2025,42.412284
REGION1,PTWI,2026,45.1588248
REGION1,PTWI,2027,47.9053656
REGION1,PTWI,2028,50.6519064
REGION1,PTWI,2029,53.3984472
REGION1,PTWI,2030,56.144988
REGION1,PTWI,2031,56.2873392
REGION1,PTWI,2032,56.4296904
REGION1,PTWI,2033,56.5720416
REGION1,PTWI,2034,56.7143928
REGION1,PTWI,2035,56.856744
REGION1,PTWI,2036,57.6019944
REGION1,PTWI,2037,58.3472448
REGION1,PTWI,2038,59.0924952
REGION1,PTWI,2039,59.8377456
REGION1,PTWI,2040,60.582996
REGION1,PTWI,2041,61.2780048
REGION1,PTWI,2042,61.9730136
REGION1,PTWI,2043,62.6680224
REGION1,PTWI,2044,63.3630312
REGION1,PTWI,2045,64.05804
REGION1,PTWI,2046,65.0879928
REGION1,PTWI,2047,66.1179456
REGION1,PTWI,2048,67.1478984
REGION1,PTWI,2049,68.1779
REGION1,PTWI,2050,69.207804
REGION1,PTWI,2051,69.89988204
REGION1,PTWI,2052,70.59888086
REGION1,PTWI,2053,71.30486967
REGION1,PTWI,2054,72.01791837
REGION1,PTWI,2055,72.73809755
REGION1,PTWI,2056,73.46547852
REGION1,PTWI,2057,74.20013331
REGION1,PTWI,2058,74.94213464
REGION1,PTWI,2059,75.69155599
REGION1,PTWI,2060,76.44847155
REGION1,ROHY,2015,58.029048
REGION1,ROHY,2016,58.4644752
REGION1,ROHY,2017,58.8999024
REGION1,ROHY,2018,59.3353296
REGION1,ROHY,2019,59.7707568
REGION1,ROHY,2020,60.206184
REGION1,ROHY,2021,60.248052
REGION1,ROHY,2022,60.28992
REGION1,ROHY,2023,60.331788
REGION1,ROHY,2024,60.373656
REGION1,ROHY,2025,60.415524
REGION1,ROHY,2026,60.415524
REGION1,ROHY,2027,60.415524
REGION1,ROHY,2028,60.415524
REGION1,ROHY,2029,60.415524
REGION1,ROHY,2030,60.415524
REGION1,ROHY,2031,60.4238976
REGION1,ROHY,2032,60.4322712
REGION1,ROHY,2033,60.4406448
REGION1,ROHY,2034,60.4490184
REGION1,ROHY,2035,60.457392
REGION1,ROHY,2036,60.5913696
REGION1,ROHY,2037,60.7253472
REGION1,ROHY,2038,60.8593248
REGION1,ROHY,2039,60.9933024
REGION1,ROHY,2040,61.12728
REGION1,ROHY,2041,61.1189064
REGION1,ROHY,2042,61.1105328
REGION1,ROHY,2043,61.1021592
REGION1,ROHY,2044,61.0937856
REGION1,ROHY,2045,61.085412
REGION1,ROHY,2046,61.1189064
REGION1,ROHY,2047,61.1524008
REGION1,ROHY,2048,61.1858952
REGION1,ROHY,2049,61.2194
REGION1,ROHY,2050,61.252884
REGION1,ROHY,2051,61.252884
REGION1,ROHY,2052,61.252884
REGION1,ROHY,2053,61.252884
REGION1,ROHY,2054,61.252884
REGION1,ROHY,2055,61.252884
REGION1,ROHY,2056,61.252884
REGION1,ROHY,2057,61.252884
REGION1,ROHY,2058,61.252884
REGION1,ROHY,2059,61.252884
REGION1,ROHY,2060,61.252884
REGION1,ROSO,2015,8.0
REGION1,ROSO,2016,8.0
REGION1,ROSO,2017,8.0
REGION1,ROSO,2018,8.0
REGION1,ROSO,2019,8.0
REGION1,ROSO,2020,8.0
REGION1,ROSO,2021,8.0
REGION1,ROSO,2022,8.014261912
REGION1,ROSO,2023,8.210636024
REGION1,ROSO,2024,8.407010135
REGION1,ROSO,2025,8.603384246
REGION1,ROSO,2026,9.476575424
REGION1,ROSO,2027,10.3497666
REGION1,ROSO,2028,11.22295778
REGION1,ROSO,2029,12.09614896
REGION1,ROSO,2030,12.96934014
REGION1,ROSO,2031,13.37905053
REGION1,ROSO,2032,13.78876093
REGION1,ROSO,2033,14.19847132
REGION1,ROSO,2034,14.60818172
REGION1,ROSO,2035,15.01789212
REGION1,ROSO,2036,15.46838819
REGION1,ROSO,2037,15.91888426
REGION1,ROSO,2038,16.36938034
REGION1,ROSO,2039,16.81987641
REGION1,ROSO,2040,17.27037249
REGION1,ROSO,2041,19.36702083
REGION1,ROSO,2042,21.46366917
REGION1,ROSO,2043,23.56031751
REGION1,ROSO,2044,25.65696585
REGION1,ROSO,2045,27.75361419
REGION1,ROSO,2046,28.10410562
REGION1,ROSO,2047,28.45459705
REGION1,ROSO,2048,28.80508847
REGION1,ROSO,2049,29.1556
REGION1,ROSO,2050,29.50607133
REGION1,ROSO,2051,29.7894957
REGION1,ROSO,2052,30.01819413
REGION1,ROSO,2053,30.20241636
REGION1,ROSO,2054,30.35060783
REGION1,ROSO,2055,30.46968436
REGION1,ROSO,2056,30.56528186
REGION1,ROSO,2057,30.64197578
REGION1,ROSO,2058,30.70346944
REGION1,ROSO,2059,30.75275321
REGION1,ROSO,2060,30.79223718
REGION1,ROWI,2015,23.320476
REGION1,ROWI,2016,23.3455968
REGION1,ROWI,2017,23.3707176
REGION1,ROWI,2018,23.3958384
REGION1,ROWI,2019,23.4209592
REGION1,ROWI,2020,23.44608
REGION1,ROWI,2021,26.37684
REGION1,ROWI,2022,29.3076
REGION1,ROWI,2023,32.23836
REGION1,ROWI,2024,35.16912
REGION1,ROWI,2025,38.09988
REGION1,ROWI,2026,40.0509288
REGION1,ROWI,2027,42.0019776
REGION1,ROWI,2028,43.9530264
REGION1,ROWI,2029,45.9040752
REGION1,ROWI,2030,47.855124
REGION1,ROWI,2031,48.2654304
REGION1,ROWI,2032,48.6757368
REGION1,ROWI,2033,49.0860432
REGION1,ROWI,2034,49.4963496
REGION1,ROWI,2035,49.906656
REGION1,ROWI,2036,50.3504568
REGION1,ROWI,2037,50.7942576
REGION1,ROWI,2038,51.2380584
REGION1,ROWI,2039,51.6818592
REGION1,ROWI,2040,52.12566
REGION1,ROWI,2041,52.8876576
REGION1,ROWI,2042,53.6496552
REGION1,ROWI,2043,54.4116528
REGION1,ROWI,2044,55.1736504
REGION1,ROWI,2045,55.935648
REGION1,ROWI,2046,56.5804152
REGION1,ROWI,2047,57.2251824
REGION1,ROWI,2048,57.8699496
REGION1,ROWI,2049,58.5147
REGION1,ROWI,2050,59.159484
REGION1,ROWI,2051,59.75107884
REGION1,ROWI,2052,60.34858963
REGION1,ROWI,2053,60.95207552
REGION1,ROWI,2054,61.56159628
REGION1,ROWI,2055,62.17721224
REGION1,ROWI,2056,62.79898437
REGION1,ROWI,2057,63.42697421
REGION1,ROWI,2058,64.06124395
REGION1,ROWI,2059,64.70185639
REGION1,ROWI,2060,65.34887495
REGION1,SEHO,2015,259.707204
REGION1,SEHO,2016,258.451164
REGION1,SEHO,2017,257.195124
REGION1,SEHO,2018,255.939084
REGION1,SEHO,2019,254.683044
REGION1,SEHO,2020,253.427004
REGION1,SEHO,2021,253.0334448
REGION1,SEHO,2022,252.6398856
REGION1,SEHO,2023,252.2463264
REGION1,SEHO,2024,251.8527672
REGION1,SEHO,2025,251.459208
REGION1,SEHO,2026,251.4340872
REGION1,SEHO,2027,251.4089664
REGION1,SEHO,2028,251.3838456
REGION1,SEHO,2029,251.3587248
REGION1,SEHO,2030,251.333604
REGION1,SEHO,2031,252.4054248
REGION1,SEHO,2032,253.4772456
REGION1,SEHO,2033,254.5490664
REGION1,SEHO,2034,255.6208872
REGION1,SEHO,2035,256.692708
REGION1,SEHO,2036,256.6843344
REGION1,SEHO,2037,256.6759608
REGION1,SEHO,2038,256.6675872
REGION1,SEHO,2039,256.6592136
REGION1,SEHO,2040,256.65084
REGION1,SEHO,2041,258.2334504
REGION1,SEHO,2042,259.8160608
REGION1,SEHO,2043,261.3986712
REGION1,SEHO,2044,262.9812816
REGION1,SEHO,2045,264.563892
REGION1,SEHO,2046,266.154876
REGION1,SEHO,2047,267.74586
REGION1,SEHO,2048,269.336844
REGION1,SEHO,2049,270.927828
REGION1,SEHO,2050,272.518812
REGION1,SEHO,2051,273.8814061
REGION1,SEHO,2052,275.2508131
REGION1,SEHO,2053,276.6270672
REGION1,SEHO,2054,278.0102025
REGION1,SEHO,2055,279.4002535
REGION1,SEHO,2056,280.5178545
REGION1,SEHO,2057,281.6399259
REGION1,SEHO,2058,282.7664856
REGION1,SEHO,2059,283.8975516
REGION1,SEHO,2060,285.0331418
REGION1,SEWI,2015,108.0
REGION1,SEWI,2016,108.0
REGION1,SEWI,2017,108.0
REGION1,SEWI,2018,108.0
REGION1,SEWI,2019,108.0
REGION1,SEWI,2020,108.0
REGION1,SEWI,2021,130.537728
REGION1,SEWI,2022,153.075456
REGION1,SEWI,2023,175.613184
REGION1,SEWI,2024,186.882048
REGION1,SEWI,2025,198.150912
REGION1,SEWI,2026,209.419776
REGION1,SEWI,2027,220.68864
REGION1,SEWI,2028,231.957504
REGION1,SEWI,2029,243.226368
REGION1,SEWI,2030,254.495232
REGION1,SEWI,2031,267.57216
REGION1,SEWI,2032,280.649088
REGION1,SEWI,2033,293.726016
REGION1,SEWI,2034,306.802944
REGION1,SEWI,2035,319.879872
REGION1,SEWI,2036,332.9568
REGION1,SEWI,2037,346.033728
REGION1,SEWI,2038,359.110656
REGION1,SEWI,2039,372.187584
REGION1,SEWI,2040,378.726048
REGION1,SEWI,2041,385.958304
REGION1,SEWI,2042,393.19056
REGION1,SEWI,2043,400.422816
REGION1,SEWI,2044,407.655072
REGION1,SEWI,2045,414.887328
REGION1,SEWI,2046,422.119584
REGION1,SEWI,2047,429.35184
REGION1,SEWI,2048,436.584096
REGION1,SEWI,2049,443.816352
REGION1,SEWI,2050,451.048608
REGION1,SEWI,2051,458.869536
REGION1,SEWI,2052,466.690464
REGION1,SEWI,2053,474.511392
REGION1,SEWI,2054,482.33232
REGION1,SEWI,2055,490.153248
REGION1,SEWI,2056,497.974176
REGION1,SEWI,2057,505.795104
REGION1,SEWI,2058,513.616032
REGION1,SEWI,2059,521.43696
REGION1,SEWI,2060,529.257888
REGION1,SIHO,2015,15.90984
REGION1,SIHO,2016,16.0019496
REGION1,SIHO,2017,16.0940592
REGION1,SIHO,2018,16.1861688
REGION1,SIHO,2019,16.2782784
REGION1,SIHO,2020,16.370388
REGION1,SIHO,2021,16.5043656
REGION1,SIHO,2022,16.6383432
REGION1,SIHO,2023,16.7723208
REGION1,SIHO,2024,16.9062984
REGION1,SIHO,2025,17.040276
REGION1,SIHO,2026,17.2328688
REGION1,SIHO,2027,17.4254616
REGION1,SIHO,2028,17.6180544
REGION1,SIHO,2029,17.8106472
REGION1,SIHO,2030,18.00324
REGION1,SIHO,2031,18.0953496
REGION1,SIHO,2032,18.1874592
REGION1,SIHO,2033,18.2795688
REGION1,SIHO,2034,18.3716784
REGION1,SIHO,2035,18.463788
REGION1,SIHO,2036,18.6145128
REGION1,SIHO,2037,18.7652376
REGION1,SIHO,2038,18.9159624
REGION1,SIHO,2039,19.0666872
REGION1,SIHO,2040,19.217412
REGION1,SIHO,2041,19.217412
REGION1,SIHO,2042,19.217412
REGION1,SIHO,2043,19.217412
REGION1,SIHO,2044,19.217412
REGION1,SIHO,2045,19.217412
REGION1,SIHO,2046,19.5188616
REGION1,SIHO,2047,19.8203112
REGION1,SIHO,2048,20.1217608
REGION1,SIHO,2049,20.4232
REGION1,SIHO,2050,20.72466
REGION1,SIHO,2051,20.9319066
REGION1,SIHO,2052,21.14122567
REGION1,SIHO,2053,21.35263792
REGION1,SIHO,2054,21.5661643
REGION1,SIHO,2055,21.78182594
REGION1,SIHO,2056,21.9996442
REGION1,SIHO,2057,22.21964065
REGION1,SIHO,2058,22.44183705
REGION1,SIHO,2059,22.66625542
REGION1,SIHO,2060,22.89291798
REGION1,SISO,2015,1.505126575
REGION1,SISO,2016,1.663727739
REGION1,SISO,2017,1.822328903
REGION1,SISO,2018,1.980930067
REGION1,SISO,2019,2.139531231
REGION1,SISO,2020,2.298132394
REGION1,SISO,2021,2.437379717
REGION1,SISO,2022,2.57662704
REGION1,SISO,2023,2.715874363
REGION1,SISO,2024,2.855121685
REGION1,SISO,2025,2.994369008
REGION1,SISO,2026,3.222541448
REGION1,SISO,2027,3.450713888
REGION1,SISO,2028,3.678886328
REGION1,SISO,2029,3.907058768
REGION1,SISO,2030,4.135231208
REGION1,SISO,2031,4.236988478
REGION1,SISO,2032,4.338745749
REGION1,SISO,2033,4.440503019
REGION1,SISO,2034,4.54226029
REGION1,SISO,2035,4.64401756
REGION1,SISO,2036,4.736470025
REGION1,SISO,2037,4.828922489
REGION1,SISO,2038,4.921374954
REGION1,SISO,2039,5.013827419
REGION1,SISO,2040,5.106279883
REGION1,SISO,2041,5.172857114
REGION1,SISO,2042,5.239434346
REGION1,SISO,2043,5.306011577
REGION1,SISO,2044,5.372588808
REGION1,SISO,2045,5.439166039
REGION1,SISO,2046,5.58820965
REGION1,SISO,2047,5.73725326
REGION1,SISO,2048,5.886296871
REGION1,SISO,2049,6.0353
REGION1,SISO,2050,6.184384092
REGION1,SISO,2051,6.30626472
REGION1,SISO,2052,6.405496403
REGION1,SISO,2053,6.486004821
REGION1,SISO,2054,6.551139502
REGION1,SISO,2055,6.603717888
REGION1,SISO,2056,6.646084264
REGION1,SISO,2057,6.68017298
REGION1,SISO,2058,6.707569798
REGION1,SISO,2059,6.72956813
REGION1,SISO,2060,6.74721873
REGION1,SIWI,2015,0.0
REGION1,SIWI,2016,0.2009664
REGION1,SIWI,2017,0.4019328
REGION1,SIWI,2018,0.6028992
REGION1,SIWI,2019,0.8038656
REGION1,SIWI,2020,1.004832
REGION1,SIWI,2021,1.0215792
REGION1,SIWI,2022,1.0383264
REGION1,SIWI,2023,1.0550736
REGION1,SIWI,2024,1.0718208
REGION1,SIWI,2025,1.088568
REGION1,SIWI,2026,1.1220624
REGION1,SIWI,2027,1.1555568
REGION1,SIWI,2028,1.1890512
REGION1,SIWI,2029,1.2225456
REGION1,SIWI,2030,1.25604
REGION1,SIWI,2031,1.2727872
REGION1,SIWI,2032,1.2895344
REGION1,SIWI,2033,1.3062816
REGION1,SIWI,2034,1.3230288
REGION1,SIWI,2035,1.339776
REGION1,SIWI,2036,1.3565232
REGION1,SIWI,2037,1.3732704
REGION1,SIWI,2038,1.3900176
REGION1,SIWI,2039,1.4067648
REGION1,SIWI,2040,1.423512
REGION1,SIWI,2041,1.423512
REGION1,SIWI,2042,1.423512
REGION1,SIWI,2043,1.423512
REGION1,SIWI,2044,1.423512
REGION1,SIWI,2045,1.423512
REGION1,SIWI,2046,1.4570064
REGION1,SIWI,2047,1.4905008
REGION1,SIWI,2048,1.5239952
REGION1,SIWI,2049,1.5575
REGION1,SIWI,2050,1.590984
REGION1,SIWI,2051,1.62280368
REGION1,SIWI,2052,1.655259754
REGION1,SIWI,2053,1.688364949
REGION1,SIWI,2054,1.722132248
REGION1,SIWI,2055,1.756574893
REGION1,SIWI,2056,1.774140642
REGION1,SIWI,2057,1.791882048
REGION1,SIWI,2058,1.809800868
REGION1,SIWI,2059,1.827898877
REGION1,SIWI,2060,1.846177866
REGION1,SKHO,2015,17.040276
REGION1,SKHO,2016,17.5761864
REGION1,SKHO,2017,18.1120968
REGION1,SKHO,2018,18.6480072
REGION1,SKHO,2019,19.1839176
REGION1,SKHO,2020,19.719828
REGION1,SKHO,2021,19.4100048
REGION1,SKHO,2022,19.1001816
REGION1,SKHO,2023,18.7903584
REGION1,SKHO,2024,18.4805352
REGION1,SKHO,2025,18.170712
REGION1,SKHO,2026,18.170712
REGION1,SKHO,2027,18.170712
REGION1,SKHO,2028,18.170712
REGION1,SKHO,2029,18.170712
REGION1,SKHO,2030,18.170712
REGION1,SKHO,2031,18.1623384
REGION1,SKHO,2032,18.1539648
REGION1,SKHO,2033,18.1455912
REGION1,SKHO,2034,18.1372176
REGION1,SKHO,2035,18.128844
REGION1,SKHO,2036,18.128844
REGION1,SKHO,2037,18.128844
REGION1,SKHO,2038,18.128844
REGION1,SKHO,2039,18.128844
REGION1,SKHO,2040,18.128844
REGION1,SKHO,2041,18.547524
REGION1,SKHO,2042,18.966204
REGION1,SKHO,2043,19.384884
REGION1,SKHO,2044,19.803564
REGION1,SKHO,2045,20.222244
REGION1,SKHO,2046,20.3227272
REGION1,SKHO,2047,20.4232104
REGION1,SKHO,2048,20.5236936
REGION1,SKHO,2049,20.6242
REGION1,SKHO,2050,20.72466
REGION1,SKHO,2051,20.80755864
REGION1,SKHO,2052,20.89078887
REGION1,SKHO,2053,20.97435203
REGION1,SKHO,2054,21.05824944
REGION1,SKHO,2055,21.14248244
REGION1,SKHO,2056,21.1847674
REGION1,SKHO,2057,21.22713694
REGION1,SKHO,2058,21.26959121
REGION1,SKHO,2059,21.31213039
REGION1,SKHO,2060,21.35475465
REGION1,SKSO,2015,2.134103632
REGION1,SKSO,2016,2.23174468
REGION1,SKSO,2017,2.329385728
REGION1,SKSO,2018,2.427026775
REGION1,SKSO,2019,2.524667823
REGION1,SKSO,2020,2.622308871
REGION1,SKSO,2021,2.614994674
REGION1,SKSO,2022,2.607680477
REGION1,SKSO,2023,2.60036628
REGION1,SKSO,2024,2.593052084
REGION1,SKSO,2025,2.585737887
REGION1,SKSO,2026,2.717824976
REGION1,SKSO,2027,2.849912065
REGION1,SKSO,2028,2.981999154
REGION1,SKSO,2029,3.114086244
REGION1,SKSO,2030,3.246173333
REGION1,SKSO,2031,3.390812575
REGION1,SKSO,2032,3.535451817
REGION1,SKSO,2033,3.68009106
REGION1,SKSO,2034,3.824730302
REGION1,SKSO,2035,3.969369544
REGION1,SKSO,2036,4.103635112
REGION1,SKSO,2037,4.23790068
REGION1,SKSO,2038,4.372166247
REGION1,SKSO,2039,4.506431815
REGION1,SKSO,2040,4.640697382
REGION1,SKSO,2041,5.025066627
REGION1,SKSO,2042,5.409435872
REGION1,SKSO,2043,5.793805117
REGION1,SKSO,2044,6.178174362
REGION1,SKSO,2045,6.562543607
REGION1,SKSO,2046,6.604414799
REGION1,SKSO,2047,6.646285992
REGION1,SKSO,2048,6.688157184
REGION1,SKSO,2049,6.73
REGION1,SKSO,2050,6.77189957
REGION1,SKSO,2051,6.805584009
REGION1,SKSO,2052,6.832652157
REGION1,SKSO,2053,6.85438417
REGION1,SKSO,2054,6.871819537
REGION1,SKSO,2055,6.885799757
REGION1,SKSO,2056,6.897004408
REGION1,SKSO,2057,6.905981255
REGION1,SKSO,2058,6.913171145
REGION1,SKSO,2059,6.918928445
REGION1,SKSO,2060,6.923537738
REGION1,SKWI,2015,0.041868
REGION1,SKWI,2016,0.0502416
REGION1,SKWI,2017,0.0586152
REGION1,SKWI,2018,0.0669888
REGION1,SKWI,2019,0.0753624
REGION1,SKWI,2020,0.083736
REGION1,SKWI,2021,0.083736
REGION1,SKWI,2022,0.083736
REGION1,SKWI,2023,0.083736
REGION1,SKWI,2024,0.083736
REGION1,SKWI,2025,0.083736
REGION1,SKWI,2026,0.083736
REGION1,SKWI,2027,0.083736
REGION1,SKWI,2028,0.083736
REGION1,SKWI,2029,0.083736
REGION1,SKWI,2030,0.083736
REGION1,SKWI,2031,0.083736
REGION1,SKWI,2032,0.083736
REGION1,SKWI,2033,0.083736
REGION1,SKWI,2034,0.083736
REGION1,SKWI,2035,0.083736
REGION1,SKWI,2036,0.0921096
REGION1,SKWI,2037,0.1004832
REGION1,SKWI,2038,0.1088568
REGION1,SKWI,2039,0.1172304
REGION1,SKWI,2040,0.125604
REGION1,SKWI,2041,0.293076
REGION1,SKWI,2042,0.460548
REGION1,SKWI,2043,0.62802
REGION1,SKWI,2044,0.795492
REGION1,SKWI,2045,0.962964
REGION1,SKWI,2046,1.0383264
REGION1,SKWI,2047,1.1136888
REGION1,SKWI,2048,1.1890512
REGION1,SKWI,2049,1.2644
REGION1,SKWI,2050,1.339776
REGION1,SKWI,2051,1.4067648
REGION1,SKWI,2052,1.47710304
REGION1,SKWI,2053,1.550958192
REGION1,SKWI,2054,1.628506102
REGION1,SKWI,2055,1.709931407
REGION1,SKWI,2056,1.795427977
REGION1,SKWI,2057,1.885199376
REGION1,SKWI,2058,1.979459345
REGION1,SKWI,2059,2.078432312
REGION1,SKWI,2060,2.182353927
REGION1,UKHO,2015,34.125
REGION1,UKHO,2016,33.96761006
REGION1,UKHO,2017,33.81022013
REGION1,UKHO,2018,33.65283019
REGION1,UKHO,2019,33.49544025
REGION1,UKHO,2020,33.33805031
REGION1,UKHO,2021,33.39528302
REGION1,UKHO,2022,33.45251572
REGION1,UKHO,2023,33.50974843
REGION1,UKHO,2024,33.56698113
REGION1,UKHO,2025,33.62421384
REGION1,UKHO,2026,33.62421384
REGION1,UKHO,2027,33.62421384
REGION1,UKHO,2028,33.62421384
REGION1,UKHO,2029,33.62421384
REGION1,UKHO,2030,33.62421384
REGION1,UKHO,2031,33.63852201
REGION1,UKHO,2032,33.65283019
REGION1,UKHO,2033,33.66713836
REGION1,UKHO,2034,33.68144654
REGION1,UKHO,2035,33.69575472
REGION1,UKHO,2036,33.68144654
REGION1,UKHO,2037,33.66713836
REGION1,UKHO,2038,33.65283019
REGION1,UKHO,2039,33.63852201
REGION1,UKHO,2040,33.62421384
REGION1,UKHO,2041,33.63852201
REGION1,UKHO,2042,33.65283019
REGION1,UKHO,2043,33.66713836
REGION1,UKHO,2044,33.68144654
REGION1,UKHO,2045,33.69575472
REGION1,UKHO,2046,33.79591195
REGION1,UKHO,2047,33.89606918
REGION1,UKHO,2048,33.99622642
REGION1,UKHO,2049,34.0964
REGION1,UKHO,2050,34.19654088
REGION1,UKHO,2051,34.19654088
REGION1,UKHO,2052,34.19654088
REGION1,UKHO,2053,34.19654088
REGION1,UKHO,2054,34.19654088
REGION1,UKHO,2055,34.19654088
REGION1,UKHO,2056,34.19654088
REGION1,UKHO,2057,34.19654088
REGION1,UKHO,2058,34.19654088
REGION1,UKHO,2059,34.19654088
REGION1,UKHO,2060,34.19654088
REGION1,UKWI,2015,124.306092
REGION1,UKWI,2016,168.141888
REGION1,UKWI,2017,211.977684
REGION1,UKWI,2018,255.81348
REGION1,UKWI,2019,299.649276
REGION1,UKWI,2020,343.485072
REGION1,UKWI,2021,343.485072
REGION1,UKWI,2022,343.485072
REGION1,UKWI,2023,343.485072
REGION1,UKWI,2024,343.485072
REGION1,UKWI,2025,343.485072
REGION1,UKWI,2026,343.485072
REGION1,UKWI,2027,343.485072
REGION1,UKWI,2028,343.485072
REGION1,UKWI,2029,343.485072
REGION1,UKWI,2030,343.485072
REGION1,UKWI,2031,343.6692912
REGION1,UKWI,2032,343.8535104
REGION1,UKWI,2033,344.0377296
REGION1,UKWI,2034,344.2219488
REGION1,UKWI,2035,344.406168
REGION1,UKWI,2036,347.2448184
REGION1,UKWI,2037,350.0834688
REGION1,UKWI,2038,352.9221192
REGION1,UKWI,2039,355.7607696
REGION1,UKWI,2040,358.59942
REGION1,UKWI,2041,368.898948
REGION1,UKWI,2042,379.198476
REGION1,UKWI,2043,389.498004
REGION1,UKWI,2044,399.797532
REGION1,UKWI,2045,410.09706
REGION1,UKWI,2046,422.1382968
REGION1,UKWI,2047,434.1795336
REGION1,UKWI,2048,446.2207704
REGION1,UKWI,2049,458.262
REGION1,UKWI,2050,470.303244
REGION1,UKWI,2051,479.7093089
REGION1,UKWI,2052,489.3034951
REGION1,UKWI,2053,499.089565
REGION1,UKWI,2054,509.0713563
REGION1,UKWI,2055,519.2527834
REGION1,UKWI,2056,529.6378391
REGION1,UKWI,2057,540.2305958
REGION1,UKWI,2058,551.0352077
REGION1,UKWI,2059,562.0559119
REGION1,UKWI,2060,573.2970301
